county,fips,total_votes,precincts_reporting,precincts_total,Holland Gibson_votes,Holland Gibson_pct,Rufus Lopez_votes,Rufus Lopez_pct,Ted Cruz_votes,Ted Cruz_pct
Anderson,48001,7947,23,23,353,4.44,313,3.94,7281,91.62
Andrews,48003,1857,5,5,56,3.02,100,5.39,1701,91.6
Angelina,48005,10326,41,41,409,3.96,275,2.66,9642,93.38
Aransas,48007,4534,7,7,215,4.74,227,5.01,4092,90.25
Archer,48009,2194,14,14,77,3.51,51,2.32,2066,94.17
Armstrong,48011,561,10,10,25,4.46,16,2.85,520,92.69
Atascosa,48013,5343,21,21,244,4.57,363,6.79,4736,88.64
Austin,48015,5231,16,16,289,5.52,121,2.31,4821,92.16
Bailey,48017,681,5,5,18,2.64,33,4.85,630,92.51
Bandera,48019,5704,11,11,279,4.89,270,4.73,5155,90.38
Bastrop,48021,10459,26,26,718,6.86,557,5.33,9184,87.81
Baylor,48023,591,5,5,10,1.69,13,2.2,568,96.11
Bee,48025,3643,14,14,265,7.27,378,10.38,3000,82.35
Bell,48027,28157,64,65,1737,6.17,1839,6.53,24581,87.3
Bexar,48029,99550,267,279,7888,7.92,7005,7.04,84657,85.04
Blanco,48031,3050,6,6,137,4.49,131,4.3,2782,91.21
Borden,48033,216,6,6,6,2.78,2,0.93,208,96.3
Bosque,48035,3603,12,12,186,5.16,108,3.0,3309,91.84
Bowie,48037,11343,50,50,627,5.53,329,2.9,10387,91.57
Brazoria,48039,33413,81,81,1680,5.03,1713,5.13,30020,89.85
Brazos,48041,20433,110,110,1440,7.05,1771,8.67,17222,84.29
Brewster,48043,1210,9,9,76,6.28,100,8.26,1034,85.45
Briscoe,48045,442,6,6,10,2.26,20,4.52,412,93.21
Brooks,48047,125,5,5,6,4.8,7,5.6,112,89.6
Brown,48049,5612,19,19,220,3.92,139,2.48,5253,93.6
Burleson,48051,3439,14,14,105,3.05,83,2.41,3251,94.53
Burnet,48053,9507,21,21,583,6.13,426,4.48,8498,89.39
Caldwell,48055,3652,25,25,247,6.76,211,5.78,3194,87.46
Calhoun,48057,3285,12,12,214,6.51,277,8.43,2794,85.05
Callahan,48059,2653,9,9,88,3.32,84,3.17,2481,93.52
Cameron,48061,14353,102,102,674,4.7,980,6.83,12699,88.48
Camp,48063,2049,5,5,116,5.66,53,2.59,1880,91.75
Carson,48065,1335,9,9,34,2.55,39,2.92,1262,94.53
Cass,48067,5514,19,19,211,3.83,112,2.03,5191,94.14
Castro,48069,638,9,9,19,2.98,26,4.08,593,92.95
Chambers,48071,7765,20,20,418,5.38,207,2.67,7140,91.95
Cherokee,48073,6442,26,26,304,4.72,124,1.92,6014,93.36
Childress,48075,808,5,5,14,1.73,26,3.22,768,95.05
Clay,48077,2221,16,16,122,5.49,84,3.78,2015,90.72
Cochran,48079,384,6,6,22,5.73,29,7.55,333,86.72
Coke,48081,872,5,5,44,5.05,19,2.18,809,92.78
Coleman,48083,1977,6,6,79,4.0,38,1.92,1860,94.08
Collin,48085,95453,253,253,7897,8.27,6793,7.12,80763,84.61
Collingsworth,48087,589,8,8,21,3.57,21,3.57,547,92.87
Colorado,48089,4462,11,11,199,4.46,204,4.57,4059,90.97
Comal,48091,26495,34,34,1253,4.73,1359,5.13,23883,90.14
Comanche,48093,2482,15,15,105,4.23,94,3.79,2283,91.98
Concho,48095,606,0,9,31,5.12,32,5.28,543,89.6
Cooke,48097,7358,18,18,350,4.76,259,3.52,6749,91.72
Coryell,48099,6193,17,17,412,6.65,266,4.3,5515,89.05
Cottle,48101,417,0,5,9,2.16,21,5.04,387,92.81
Crane,48103,534,5,5,18,3.37,17,3.18,499,93.45
Crockett,48105,543,5,5,18,3.31,35,6.45,490,90.24
Crosby,48107,849,0,5,35,4.12,85,10.01,729,85.87
Culberson,48109,101,0,6,6,5.94,3,2.97,92,91.09
Dallam,48111,608,10,10,25,4.11,15,2.47,568,93.42
Dallas,48113,99722,0,886,8750,8.77,9340,9.37,81632,81.86
Dawson,48115,1721,5,5,84,4.88,167,9.7,1470,85.42
DeWitt,48123,3073,10,10,143,4.65,104,3.38,2826,91.96
Deaf Smith,48117,1882,0,5,121,6.43,165,8.77,1596,84.8
Delta,48119,1520,0,8,96,6.32,64,4.21,1360,89.47
Denton,48121,90753,240,240,6568,7.24,5225,5.76,78960,87.01
Dickens,48125,601,0,7,38,6.32,22,3.66,541,90.02
Dimmit,48127,204,8,8,18,8.82,12,5.88,174,85.29
Donley,48129,652,5,5,34,5.21,9,1.38,609,93.4
Duval,48131,231,10,10,9,3.9,23,9.96,199,86.15
Eastland,48133,2814,0,10,93,3.3,77,2.74,2644,93.96
Ector,48135,9078,0,42,346,3.81,400,4.41,8332,91.78
Edwards,48137,628,0,5,27,4.3,56,8.92,545,86.78
El Paso,48141,19956,221,221,1200,6.01,1599,8.01,17157,85.97
Ellis,48139,21128,0,59,1005,4.76,1152,5.45,18971,89.79
Erath,48143,5850,22,22,215,3.68,246,4.21,5389,92.12
Falls,48145,1939,0,12,111,5.72,58,2.99,1770,91.28
Fannin,48147,6571,18,18,375,5.71,227,3.45,5969,90.84
Fayette,48149,5508,0,13,288,5.23,216,3.92,5004,90.85
Fisher,48151,625,0,5,23,3.68,11,1.76,591,94.56
Floyd,48153,834,5,5,46,5.52,30,3.6,758,90.89
Foard,48155,345,5,5,26,7.54,12,3.48,307,88.99
Fort Bend,48157,54258,170,175,2897,5.34,4036,7.44,47325,87.22
Franklin,48159,2193,0,9,78,3.56,98,4.47,2017,91.97
Freestone,48161,2773,0,14,118,4.26,76,2.74,2579,93.0
Frio,48163,696,0,9,32,4.6,32,4.6,632,90.8
Gaines,48165,2119,8,8,88,4.15,61,2.88,1970,92.97
Galveston,48167,33019,0,96,1798,5.45,1975,5.98,29246,88.57
Garza,48169,814,0,7,32,3.93,34,4.18,748,91.89
Gillespie,48171,7961,0,14,311,3.91,403,5.06,7247,91.03
Glasscock,48173,363,0,4,13,3.58,12,3.31,338,93.11
Goliad,48175,1717,0,10,94,5.47,93,5.42,1530,89.11
Gonzales,48177,2955,16,16,170,5.75,109,3.69,2676,90.56
Gray,48179,2877,8,8,126,4.38,65,2.26,2686,93.36
Grayson,48181,21247,42,42,985,4.64,1285,6.05,18977,89.32
Gregg,48183,11941,21,21,489,4.1,364,3.05,11088,92.86
Grimes,48185,5613,0,14,317,5.65,152,2.71,5144,91.64
Guadalupe,48187,20123,0,77,988,4.91,1153,5.73,17982,89.36
Hale,48189,3190,0,31,112,3.51,165,5.17,2913,91.32
Hall,48191,506,8,8,6,1.19,6,1.19,494,97.63
Hamilton,48193,2336,0,5,184,7.88,91,3.9,2061,88.23
Hansford,48195,1192,0,9,29,2.43,42,3.52,1121,94.04
Hardeman,48197,490,0,5,18,3.67,13,2.65,459,93.67
Hardin,48199,9521,20,20,238,2.5,209,2.2,9074,95.31
Harris,48201,196654,545,512,14377,7.31,10326,5.25,171951,87.44
Harrison,48203,8706,0,27,354,4.07,255,2.93,8097,93.0
Hartley,48205,1002,7,7,16,1.6,31,3.09,955,95.31
Haskell,48207,962,0,11,34,3.53,37,3.85,891,92.62
Hays,48209,17652,0,88,1506,8.53,1301,7.37,14845,84.1
Hemphill,48211,685,0,8,28,4.09,28,4.09,629,91.82
Henderson,48213,11669,0,31,570,4.88,389,3.33,10710,91.78
Hidalgo,48215,17522,259,260,900,5.14,973,5.55,15649,89.31
Hill,48217,5615,0,13,333,5.93,245,4.36,5037,89.71
Hockley,48219,3227,0,12,184,5.7,120,3.72,2923,90.58
Hood,48221,13562,17,18,954,7.03,529,3.9,12079,89.07
Hopkins,48223,5976,22,22,337,5.64,166,2.78,5473,91.58
Houston,48225,3990,0,22,139,3.48,70,1.75,3781,94.76
Howard,48227,2974,34,34,163,5.48,131,4.4,2680,90.11
Hudspeth,48229,621,9,9,50,8.05,80,12.88,491,79.07
Hunt,48231,13727,36,36,904,6.59,463,3.37,12360,90.04
Hutchinson,48233,2991,0,9,119,3.98,53,1.77,2819,94.25
Irion,48235,397,5,5,10,2.52,15,3.78,372,93.7
Jack,48237,2073,7,7,87,4.2,29,1.4,1957,94.4
Jackson,48239,2656,9,9,138,5.2,48,1.81,2470,93.0
Jasper,48241,7895,21,21,423,5.36,169,2.14,7303,92.5
Jeff Davis,48243,586,6,6,65,11.09,78,13.31,443,75.6
Jefferson,48245,17945,103,106,498,2.78,792,4.41,16655,92.81
Jim Hogg,48247,52,0,6,2,3.85,7,13.46,43,82.69
Jim Wells,48249,2019,22,22,58,2.87,134,6.64,1827,90.49
Johnson,48251,22018,44,44,1211,5.5,951,4.32,19856,90.18
Jones,48253,2780,5,5,157,5.65,90,3.24,2533,91.12
Karnes,48255,2644,16,16,215,8.13,171,6.47,2258,85.4
Kaufman,48257,15550,3,37,728,4.68,860,5.53,13962,89.79
Kendall,48259,10141,18,18,435,4.29,457,4.51,9249,91.2
Kenedy,48261,26,7,7,3,11.54,0,0.0,23,88.46
Kent,48263,226,7,7,8,3.54,4,1.77,214,94.69
Kerr,48265,11355,21,21,492,4.33,514,4.53,10349,91.14
Kimble,48267,1324,8,8,70,5.29,45,3.4,1209,91.31
King,48269,88,5,5,5,5.68,0,0.0,83,94.32
Kinney,48271,632,5,5,47,7.44,67,10.6,518,81.96
Kleberg,48273,2606,18,18,148,5.68,318,12.2,2140,82.12
Knox,48275,572,7,7,25,4.37,24,4.2,523,91.43
La Salle,48283,159,7,7,9,5.66,4,2.52,146,91.82
Lamar,48277,8476,26,26,396,4.67,406,4.79,7674,90.54
Lamb,48279,1383,12,12,49,3.54,30,2.17,1304,94.29
Lampasas,48281,4185,11,11,174,4.16,185,4.42,3826,91.42
Lavaca,48285,5025,12,12,211,4.2,123,2.45,4691,93.35
Lee,48287,3000,16,16,135,4.5,81,2.7,2784,92.8
Leon,48289,3418,15,15,157,4.59,81,2.37,3180,93.04
Liberty,48291,10346,22,22,550,5.32,232,2.24,9564,92.44
Limestone,48293,3119,21,21,119,3.82,71,2.28,2929,93.91
Lipscomb,48295,679,8,8,28,4.12,19,2.8,632,93.08
Live Oak,48297,2240,13,13,127,5.67,87,3.88,2026,90.45
Llano,48299,6318,10,10,319,5.05,322,5.1,5677,89.85
Loving,48301,84,5,5,7,8.33,6,7.14,71,84.52
Lubbock,48303,29535,100,100,1564,5.3,1493,5.06,26478,89.65
Lynn,48305,884,8,8,31,3.51,35,3.96,818,92.53
Madison,48313,1934,5,5,67,3.46,51,2.64,1816,93.9
Marion,48315,1616,12,12,43,2.66,44,2.72,1529,94.62
Martin,48317,1113,7,7,55,4.94,70,6.29,988,88.77
Mason,48319,1233,5,5,66,5.35,60,4.87,1107,89.78
Matagorda,48321,5012,19,19,291,5.81,245,4.89,4476,89.31
Maverick,48323,1151,17,17,98,8.51,74,6.43,979,85.06
McCulloch,48307,1697,10,10,80,4.71,47,2.77,1570,92.52
McLennan,48309,29180,91,91,2046,7.01,1735,5.95,25399,87.04
McMullen,48311,231,4,4,6,2.6,5,2.16,220,95.24
Medina,48325,7523,16,16,444,5.9,309,4.11,6770,89.99
Menard,48327,597,7,7,41,6.87,41,6.87,515,86.26
Midland,48329,14618,46,46,497,3.4,651,4.45,13470,92.15
Milam,48331,4161,13,13,236,5.67,205,4.93,3720,89.4
Mills,48333,1557,8,8,53,3.4,68,4.37,1436,92.23
Mitchell,48335,928,5,5,45,4.85,34,3.66,849,91.49
Montague,48337,3987,14,16,154,3.86,116,2.91,3717,93.23
Montgomery,48339,80466,114,114,3505,4.36,3805,4.73,73156,90.92
Moore,48341,2217,7,7,82,3.7,64,2.89,2071,93.41
Morris,48343,1834,8,8,71,3.87,50,2.73,1713,93.4
Motley,48345,320,7,7,7,2.19,3,0.94,310,96.88
Nacogdoches,48347,9254,20,20,699,7.55,588,6.35,7967,86.09
Navarro,48349,6473,34,34,418,6.46,194,3.0,5861,90.55
Newton,48351,2916,24,24,181,6.21,65,2.23,2670,91.56
Nolan,48353,1990,10,10,130,6.53,105,5.28,1755,88.19
Nueces,48355,20898,130,130,1358,6.5,1033,4.94,18507,88.56
Ochiltree,48357,1401,5,5,48,3.43,40,2.86,1313,93.72
Oldham,48359,470,8,8,16,3.4,11,2.34,443,94.26
Orange,48361,14570,0,35,486,3.34,327,2.24,13757,94.42
Palo Pinto,48363,6208,0,29,389,6.27,370,5.96,5449,87.77
Panola,48365,5011,0,20,148,2.95,85,1.7,4778,95.35
Parker,48367,32042,0,45,1777,5.55,1190,3.71,29075,90.74
Parmer,48369,927,8,8,27,2.91,28,3.02,872,94.07
Pecos,48371,1500,10,10,106,7.07,126,8.4,1268,84.53
Polk,48373,7657,23,23,495,6.46,258,3.37,6904,90.17
Potter,48375,9174,25,25,423,4.61,467,5.09,8284,90.3
Presidio,48377,117,0,8,9,7.69,9,7.69,99,84.62
Rains,48379,2253,9,9,125,5.55,57,2.53,2071,91.92
Randall,48381,20675,32,32,760,3.68,985,4.76,18930,91.56
Reagan,48383,446,5,5,30,6.73,24,5.38,392,87.89
Real,48385,821,6,6,35,4.26,31,3.78,755,91.96
Red River,48387,2480,30,30,103,4.15,65,2.62,2312,93.23
Reeves,48389,282,10,10,10,3.55,16,5.67,256,90.78
Refugio,48391,1518,11,11,104,6.85,155,10.21,1259,82.94
Roberts,48393,392,6,6,11,2.81,5,1.28,376,95.92
Robertson,48395,3507,13,13,190,5.42,169,4.82,3148,89.76
Rockwall,48397,19185,25,26,1569,8.18,850,4.43,16766,87.39
Runnels,48399,1851,10,10,77,4.16,39,2.11,1735,93.73
Rusk,48401,7017,22,22,311,4.43,201,2.86,6505,92.7
Sabine,48403,2372,9,9,95,4.01,40,1.69,2237,94.31
San Augustine,48405,1441,12,12,36,2.5,32,2.22,1373,95.28
San Jacinto,48407,5837,12,12,286,4.9,254,4.35,5297,90.75
San Patricio,48409,5645,26,26,347,6.15,260,4.61,5038,89.25
San Saba,48411,1626,4,4,72,4.43,59,3.63,1495,91.94
Schleicher,48413,440,0,5,23,5.23,14,3.18,403,91.59
Scurry,48415,1742,0,11,69,3.96,51,2.93,1622,93.11
Shackelford,48417,652,0,8,18,2.76,9,1.38,625,95.86
Shelby,48419,4423,0,15,139,3.14,118,2.67,4166,94.19
Sherman,48421,442,8,8,18,4.07,15,3.39,409,92.53
Smith,48423,29134,0,76,892,3.06,1084,3.72,27158,93.22
Somervell,48425,2272,0,4,113,4.97,92,4.05,2067,90.98
Starr,48427,403,0,15,22,5.46,35,8.68,346,85.86
Stephens,48429,1645,6,6,103,6.26,39,2.37,1503,91.37
Sterling,48431,381,4,4,18,4.72,8,2.1,355,93.18
Stonewall,48433,290,0,4,10,3.45,0,0.0,280,96.55
Sutton,48435,702,5,5,27,3.85,48,6.84,627,89.32
Swisher,48437,879,0,9,44,5.01,40,4.55,795,90.44
Tarrant,48439,141453,2532,2532,8529,6.03,10709,7.57,122215,86.4
Taylor,48441,18741,0,35,1050,5.6,1354,7.22,16337,87.17
Terrell,48443,180,0,5,9,5.0,9,5.0,162,90.0
Terry,48445,1247,7,7,37,2.97,57,4.57,1153,92.46
Throckmorton,48447,352,6,6,19,5.4,6,1.7,327,92.9
Titus,48449,3496,0,20,153,4.38,52,1.49,3291,94.14
Tom Green,48451,14672,36,36,1102,7.51,682,4.65,12888,87.84
Travis,48453,48926,287,288,4539,9.28,7255,14.83,37132,75.89
Trinity,48455,2946,0,21,137,4.65,89,3.02,2720,92.33
Tyler,48457,3650,18,18,150,4.11,117,3.21,3383,92.68
Upshur,48459,6698,20,20,216,3.22,168,2.51,6314,94.27
Upton,48461,535,5,5,16,2.99,32,5.98,487,91.03
Uvalde,48463,3813,14,14,227,5.95,418,10.96,3168,83.08
Val Verde,48465,2938,17,17,131,4.46,240,8.17,2567,87.37
Van Zandt,48467,10576,18,18,490,4.63,331,3.13,9755,92.24
Victoria,48469,10253,35,35,386,3.76,479,4.67,9388,91.56
Walker,48471,7862,17,17,523,6.65,291,3.7,7048,89.65
Waller,48473,5765,21,21,263,4.56,299,5.19,5203,90.25
Ward,48475,1816,9,9,169,9.31,138,7.6,1509,83.09
Washington,48477,7549,20,20,535,7.09,280,3.71,6734,89.2
Webb,48479,4210,79,79,358,8.5,439,10.43,3413,81.07
Wharton,48481,5658,13,13,219,3.87,180,3.18,5259,92.95
Wheeler,48483,1491,5,5,54,3.62,28,1.88,1409,94.5
Wichita,48485,8820,41,41,384,4.35,409,4.64,8027,91.01
Wilbarger,48487,1934,5,5,72,3.72,75,3.88,1787,92.4
Willacy,48489,436,17,17,10,2.29,10,2.29,416,95.41
Williamson,48491,52914,122,164,3112,5.88,4472,8.45,45330,85.67
Wilson,48493,7642,13,13,431,5.64,379,4.96,6832,89.4
Winkler,48495,565,6,6,28,4.96,22,3.89,515,91.15
Wise,48497,12849,29,29,774,6.02,392,3.05,11683,90.93
Wood,48499,8696,14,14,331,3.81,250,2.87,8115,93.32
Yoakum,48501,1203,7,7,60,4.99,54,4.49,1089,90.52
Young,48503,3633,9,9,169,4.65,140,3.85,3324,91.49
Zapata,48505,241,8,8,13,5.39,22,9.13,206,85.48
Zavala,48507,143,6,6,9,6.29,3,2.1,131,91.61
