county,fips,total_votes,precincts_reporting,precincts_total,Carl Sherman_votes,Carl Sherman_pct,Colin Allred_votes,Colin Allred_pct,Heli Prilliman_votes,Heli Prilliman_pct,Mark Gonzalez_votes,Mark Gonzalez_pct,Meri Gomez_votes,Meri Gomez_pct,Robert Hassan_votes,Robert Hassan_pct,Roland Gutierrez_votes,Roland Gutierrez_pct,Steven Keough_votes,Steven Keough_pct,Thierry Tchenko_votes,Thierry Tchenko_pct
Anderson,48001,673,23,23,43,6.39,446,66.27,11,1.63,46,6.84,37,5.5,14,2.08,41,6.09,25,3.71,10,1.49
Andrews,48003,106,5,5,5,4.72,32,30.19,2,1.89,13,12.26,22,20.75,2,1.89,20,18.87,7,6.6,3,2.83
Angelina,48005,1100,41,41,96,8.73,609,55.36,22,2.0,134,12.18,69,6.27,30,2.73,69,6.27,43,3.91,28,2.55
Aransas,48007,476,7,7,11,2.31,213,44.75,9,1.89,74,15.55,33,6.93,9,1.89,85,17.86,18,3.78,24,5.04
Archer,48009,75,14,14,0,0.0,34,45.33,0,0.0,7,9.33,9,12.0,2,2.67,14,18.67,5,6.67,4,5.33
Armstrong,48011,8,10,10,0,0.0,4,50.0,0,0.0,3,37.5,1,12.5,0,0.0,0,0.0,0,0.0,0,0.0
Atascosa,48013,1056,21,21,12,1.14,341,32.29,62,5.87,87,8.24,81,7.67,7,0.66,425,40.25,21,1.99,20,1.89
Austin,48015,481,16,16,10,2.08,321,66.74,10,2.08,24,4.99,23,4.78,11,2.29,58,12.06,18,3.74,6,1.25
Bailey,48017,36,5,5,2,5.56,6,16.67,2,5.56,6,16.67,8,22.22,1,2.78,9,25.0,2,5.56,0,0.0
Bandera,48019,466,11,11,7,1.5,268,57.51,16,3.43,25,5.36,31,6.65,8,1.72,73,15.67,26,5.58,12,2.58
Bastrop,48021,3577,26,26,73,2.04,2164,60.5,79,2.21,213,5.95,176,4.92,43,1.2,646,18.06,111,3.1,72,2.01
Baylor,48023,31,5,5,2,6.45,16,51.61,1,3.23,2,6.45,4,12.9,2,6.45,3,9.68,0,0.0,1,3.23
Bee,48025,516,14,14,10,1.94,88,17.05,12,2.33,172,33.33,38,7.36,9,1.74,149,28.88,22,4.26,16,3.1
Bell,48027,8437,64,65,525,6.22,4891,57.97,225,2.67,474,5.62,575,6.82,214,2.54,766,9.08,549,6.51,218,2.58
Bexar,48029,75277,777,279,1000,1.33,35400,47.03,1571,2.09,6177,8.21,3833,5.09,1207,1.6,23573,31.32,1474,1.96,1042,1.38
Blanco,48031,509,6,6,5,0.98,338,66.4,20,3.93,13,2.55,19,3.73,3,0.59,88,17.29,13,2.55,10,1.96
Borden,48033,2,6,6,0,0.0,1,50.0,0,0.0,0,0.0,0,0.0,0,0.0,1,50.0,0,0.0,0,0.0
Bosque,48035,269,12,12,11,4.09,198,73.61,8,2.97,9,3.35,9,3.35,0,0.0,22,8.18,2,0.74,10,3.72
Bowie,48037,1695,50,50,189,11.15,917,54.1,64,3.78,121,7.14,87,5.13,54,3.19,100,5.9,106,6.25,57,3.36
Brazoria,48039,10692,81,81,473,4.42,7255,67.85,202,1.89,507,4.74,531,4.97,340,3.18,821,7.68,274,2.56,289,2.7
Brazos,48041,3795,110,110,114,3.0,2144,56.5,93,2.45,78,2.06,259,6.82,23,0.61,843,22.21,172,4.53,69,1.82
Brewster,48043,625,9,9,10,1.6,264,42.24,21,3.36,50,8.0,36,5.76,7,1.12,216,34.56,13,2.08,8,1.28
Briscoe,48045,20,6,6,1,5.0,6,30.0,1,5.0,3,15.0,4,20.0,0,0.0,2,10.0,3,15.0,0,0.0
Brooks,48047,1037,5,5,25,2.41,64,6.17,15,1.45,474,45.71,66,6.36,11,1.06,366,35.29,9,0.87,7,0.68
Brown,48049,253,19,19,10,3.95,130,51.38,6,2.37,23,9.09,19,7.51,10,3.95,30,11.86,14,5.53,11,4.35
Burleson,48051,361,14,14,8,2.22,239,66.2,4,1.11,13,3.6,22,6.09,9,2.49,33,9.14,30,8.31,3,0.83
Burnet,48053,1230,21,21,39,3.17,906,73.66,28,2.28,26,2.11,48,3.9,12,0.98,130,10.57,27,2.2,14,1.14
Caldwell,48055,1491,25,25,18,1.21,735,49.3,43,2.88,112,7.51,184,12.34,16,1.07,327,21.93,33,2.21,23,1.54
Calhoun,48057,219,12,12,5,2.28,112,51.14,9,4.11,19,8.68,14,6.39,3,1.37,45,20.55,5,2.28,7,3.2
Callahan,48059,82,9,9,2,2.44,38,46.34,4,4.88,6,7.32,9,10.98,3,3.66,10,12.2,7,8.54,3,3.66
Cameron,48061,16575,102,102,804,4.85,3612,21.79,833,5.03,3504,21.14,1544,9.32,433,2.61,5165,31.16,518,3.13,162,0.98
Camp,48063,239,5,5,13,5.44,133,55.65,11,4.6,22,9.21,16,6.69,5,2.09,4,1.67,25,10.46,10,4.18
Carson,48065,37,9,9,2,5.41,17,45.95,0,0.0,5,13.51,2,5.41,2,5.41,6,16.22,2,5.41,1,2.7
Cass,48067,486,19,19,35,7.2,258,53.09,13,2.67,42,8.64,30,6.17,15,3.09,39,8.02,46,9.47,8,1.65
Castro,48069,56,9,9,2,3.57,20,35.71,2,3.57,17,30.36,4,7.14,1,1.79,6,10.71,4,7.14,0,0.0
Chambers,48071,508,20,20,33,6.5,309,60.83,21,4.13,51,10.04,17,3.35,15,2.95,37,7.28,15,2.95,10,1.97
Cherokee,48073,660,26,26,35,5.3,298,45.15,10,1.52,47,7.12,45,6.82,15,2.27,73,11.06,126,19.09,11,1.67
Childress,48075,27,5,5,0,0.0,14,51.85,3,11.11,2,7.41,2,7.41,1,3.7,2,7.41,3,11.11,0,0.0
Clay,48077,71,16,16,5,7.04,43,60.56,3,4.23,5,7.04,4,5.63,6,8.45,1,1.41,4,5.63,0,0.0
Cochran,48079,19,6,6,0,0.0,4,21.05,1,5.26,4,21.05,2,10.53,1,5.26,6,31.58,1,5.26,0,0.0
Coke,48081,18,5,5,3,16.67,5,27.78,1,5.56,4,22.22,0,0.0,2,11.11,1,5.56,2,11.11,0,0.0
Coleman,48083,56,6,6,0,0.0,23,41.07,3,5.36,4,7.14,3,5.36,5,8.93,10,17.86,3,5.36,5,8.93
Collin,48085,35028,253,253,552,1.58,26751,76.37,388,1.11,1500,4.28,1017,2.9,426,1.22,3551,10.14,495,1.41,348,0.99
Collingsworth,48087,9,8,8,0,0.0,5,55.56,0,0.0,1,11.11,0,0.0,3,33.33,0,0.0,0,0.0,0,0.0
Colorado,48089,317,12,12,7,2.21,215,67.82,10,3.15,20,6.31,10,3.15,8,2.52,30,9.46,11,3.47,6,1.89
Comal,48091,4438,34,34,85,1.92,2867,64.6,82,1.85,358,8.07,221,4.98,51,1.15,642,14.47,87,1.96,45,1.01
Comanche,48093,143,15,15,2,1.4,116,81.12,3,2.1,10,6.99,3,2.1,2,1.4,2,1.4,2,1.4,3,2.1
Concho,48095,34,9,9,0,0.0,16,47.06,2,5.88,8,23.53,3,8.82,0,0.0,5,14.71,0,0.0,0,0.0
Cooke,48097,470,18,18,11,2.34,349,74.26,7,1.49,12,2.55,21,4.47,9,1.91,21,4.47,32,6.81,8,1.7
Coryell,48099,999,17,17,54,5.41,611,61.16,40,4.0,75,7.51,68,6.81,23,2.3,67,6.71,41,4.1,20,2.0
Cottle,48101,23,5,5,2,8.7,7,30.43,0,0.0,4,17.39,3,13.04,4,17.39,3,13.04,0,0.0,0,0.0
Crane,48103,21,5,5,0,0.0,6,28.57,2,9.52,6,28.57,0,0.0,1,4.76,4,19.05,1,4.76,1,4.76
Crockett,48105,68,5,5,1,1.47,11,16.18,1,1.47,17,25.0,4,5.88,1,1.47,27,39.71,5,7.35,1,1.47
Crosby,48107,51,5,5,2,3.92,25,49.02,1,1.96,12,23.53,2,3.92,1,1.96,4,7.84,3,5.88,1,1.96
Culberson,48109,311,6,6,10,3.22,36,11.58,16,5.14,101,32.48,36,11.58,10,3.22,80,25.72,12,3.86,10,3.22
Dallam,48111,18,10,10,1,5.56,9,50.0,1,5.56,2,11.11,3,16.67,0,0.0,2,11.11,0,0.0,0,0.0
Dallas,48113,123506,886,886,6294,5.1,94490,76.51,1069,0.87,3428,2.78,2865,2.32,2029,1.64,11253,9.11,1314,1.06,764,0.62
Dawson,48115,53,5,5,4,7.55,14,26.42,2,3.77,14,26.42,4,7.55,1,1.89,9,16.98,2,3.77,3,5.66
DeWitt,48123,208,10,10,7,3.37,108,51.92,7,3.37,17,8.17,13,6.25,7,3.37,32,15.38,15,7.21,2,0.96
Deaf Smith,48117,162,5,5,4,2.47,31,19.14,6,3.7,49,30.25,22,13.58,6,3.7,38,23.46,4,2.47,2,1.23
Delta,48119,65,8,8,3,4.62,48,73.85,1,1.54,4,6.15,4,6.15,1,1.54,3,4.62,1,1.54,0,0.0
Denton,48121,28364,241,240,340,1.2,22305,78.64,531,1.87,1104,3.89,954,3.36,310,1.09,1800,6.35,274,0.97,746,2.63
Dickens,48125,16,7,7,2,12.5,5,31.25,0,0.0,0,0.0,3,18.75,1,6.25,1,6.25,2,12.5,2,12.5
Dimmit,48127,1692,8,8,36,2.13,155,9.16,44,2.6,413,24.41,141,8.33,30,1.77,801,47.34,47,2.78,25,1.48
Donley,48129,29,5,5,1,3.45,12,41.38,0,0.0,7,24.14,2,6.9,1,3.45,2,6.9,3,10.34,1,3.45
Duval,48131,1359,10,10,14,1.03,85,6.25,15,1.1,675,49.67,71,5.22,34,2.5,427,31.42,14,1.03,24,1.77
Eastland,48133,100,10,10,5,5.0,41,41.0,6,6.0,9,9.0,3,3.0,0,0.0,24,24.0,10,10.0,2,2.0
Ector,48135,1006,42,42,34,3.38,388,38.57,37,3.68,144,14.31,127,12.62,20,1.99,200,19.88,39,3.88,17,1.69
Edwards,48137,20,5,5,1,5.0,5,25.0,1,5.0,2,10.0,0,0.0,0,0.0,7,35.0,0,0.0,4,20.0
El Paso,48141,33399,221,221,902,2.7,13004,38.94,774,2.32,6625,19.84,2478,7.42,1963,5.88,6606,19.78,639,1.91,408,1.22
Ellis,48139,5488,59,59,267,4.87,4362,79.48,64,1.17,141,2.57,157,2.86,51,0.93,210,3.83,196,3.57,40,0.73
Erath,48143,393,22,22,5,1.27,289,73.54,12,3.05,9,2.29,27,6.87,8,2.04,29,7.38,9,2.29,5,1.27
Falls,48145,346,12,12,28,8.09,204,58.96,18,5.2,22,6.36,17,4.91,12,3.47,25,7.23,16,4.62,4,1.16
Fannin,48147,422,18,18,13,3.08,306,72.51,2,0.47,27,6.4,20,4.74,5,1.18,25,5.92,16,3.79,8,1.9
Fayette,48149,483,13,13,13,2.69,326,67.49,8,1.66,19,3.93,16,3.31,10,2.07,38,7.87,49,10.14,4,0.83
Fisher,48151,65,5,5,5,7.69,30,46.15,2,3.08,9,13.85,6,9.23,3,4.62,9,13.85,1,1.54,0,0.0
Floyd,48153,53,5,5,6,11.32,13,24.53,0,0.0,10,18.87,5,9.43,1,1.89,13,24.53,5,9.43,0,0.0
Foard,48155,7,5,5,0,0.0,5,71.43,0,0.0,0,0.0,1,14.29,1,14.29,0,0.0,0,0.0,0,0.0
Fort Bend,48157,38586,170,175,1761,4.56,24340,63.08,710,1.84,1793,4.65,1325,3.43,2617,6.78,3467,8.99,2006,5.2,567,1.47
Franklin,48159,132,9,9,5,3.79,81,61.36,7,5.3,5,3.79,8,6.06,4,3.03,12,9.09,7,5.3,3,2.27
Freestone,48161,322,14,14,19,5.9,245,76.09,7,2.17,9,2.8,13,4.04,5,1.55,12,3.73,6,1.86,6,1.86
Frio,48163,1338,9,9,22,1.64,143,10.69,30,2.24,134,10.01,62,4.63,17,1.27,877,65.55,30,2.24,23,1.72
Gaines,48165,51,8,8,5,9.8,13,25.49,3,5.88,8,15.69,4,7.84,2,3.92,12,23.53,3,5.88,1,1.96
Galveston,48167,9532,96,96,251,2.63,6730,70.6,146,1.53,826,8.67,296,3.11,110,1.15,622,6.53,261,2.74,290,3.04
Garza,48169,33,7,7,1,3.03,17,51.52,0,0.0,4,12.12,3,9.09,0,0.0,4,12.12,3,9.09,1,3.03
Gillespie,48171,732,14,14,8,1.09,527,71.99,17,2.32,31,4.23,27,3.69,5,0.68,84,11.48,21,2.87,12,1.64
Glasscock,48173,3,4,4,0,0.0,3,100.0,0,0.0,0,0.0,0,0.0,0,0.0,0,0.0,0,0.0,0,0.0
Goliad,48175,144,10,10,0,0.0,56,38.89,14,9.72,21,14.58,13,9.03,4,2.78,29,20.14,6,4.17,1,0.69
Gonzales,48177,242,16,16,6,2.48,121,50.0,10,4.13,31,12.81,14,5.79,5,2.07,40,16.53,9,3.72,6,2.48
Gray,48179,85,8,8,3,3.53,37,43.53,3,3.53,5,5.88,8,9.41,7,8.24,9,10.59,10,11.76,3,3.53
Grayson,48181,2306,42,42,143,6.2,1230,53.34,74,3.21,176,7.63,214,9.28,81,3.51,243,10.54,105,4.55,40,1.73
Gregg,48183,2255,21,21,193,8.56,1232,54.63,54,2.39,147,6.52,132,5.85,130,5.76,205,9.09,138,6.12,24,1.06
Grimes,48185,525,14,14,32,6.1,327,62.29,14,2.67,30,5.71,37,7.05,15,2.86,35,6.67,26,4.95,9,1.71
Guadalupe,48187,4652,77,77,68,1.46,2613,56.17,94,2.02,628,13.5,263,5.65,66,1.42,733,15.76,105,2.26,82,1.76
Hale,48189,234,31,31,11,4.7,71,30.34,15,6.41,39,16.67,21,8.97,6,2.56,59,25.21,7,2.99,5,2.14
Hall,48191,18,8,8,4,22.22,8,44.44,0,0.0,2,11.11,1,5.56,0,0.0,3,16.67,0,0.0,0,0.0
Hamilton,48193,70,5,5,2,2.86,55,78.57,3,4.29,2,2.86,2,2.86,0,0.0,6,8.57,0,0.0,0,0.0
Hansford,48195,16,9,9,2,12.5,5,31.25,1,6.25,3,18.75,1,6.25,2,12.5,1,6.25,1,6.25,0,0.0
Hardeman,48197,28,5,5,2,7.14,15,53.57,1,3.57,2,7.14,4,14.29,0,0.0,3,10.71,1,3.57,0,0.0
Hardin,48199,481,20,20,28,5.82,216,44.91,18,3.74,71,14.76,29,6.03,15,3.12,48,9.98,34,7.07,22,4.57
Harris,48201,163754,545,512,7523,4.59,105165,64.22,2107,1.29,17385,10.62,5301,3.24,3560,2.17,16879,10.31,2886,1.76,2948,1.8
Harrison,48203,1183,27,27,75,6.34,595,50.3,35,2.96,146,12.34,52,4.4,58,4.9,90,7.61,116,9.81,16,1.35
Hartley,48205,37,7,7,4,10.81,9,24.32,3,8.11,6,16.22,9,24.32,1,2.7,4,10.81,1,2.7,0,0.0
Haskell,48207,67,11,11,4,5.97,23,34.33,2,2.99,4,5.97,7,10.45,2,2.99,7,10.45,8,11.94,10,14.93
Hays,48209,14218,88,88,197,1.39,8453,59.45,152,1.07,1459,10.26,917,6.45,179,1.26,2425,17.06,123,0.87,313,2.2
Hemphill,48211,23,7,8,1,4.35,12,52.17,2,8.7,3,13.04,0,0.0,0,0.0,4,17.39,1,4.35,0,0.0
Henderson,48213,1305,31,31,30,2.3,1029,78.85,22,1.69,38,2.91,47,3.6,17,1.3,82,6.28,24,1.84,16,1.23
Hidalgo,48215,28735,259,260,594,2.07,6300,21.92,632,2.2,7912,27.53,3065,10.67,696,2.42,8656,30.12,596,2.07,284,0.99
Hill,48217,480,13,13,3,0.62,380,79.17,5,1.04,37,7.71,13,2.71,4,0.83,23,4.79,14,2.92,1,0.21
Hockley,48219,122,12,12,3,2.46,50,40.98,4,3.28,12,9.84,10,8.2,1,0.82,25,20.49,4,3.28,13,10.66
Hood,48221,984,18,18,19,1.93,750,76.22,16,1.63,60,6.1,28,2.85,5,0.51,67,6.81,15,1.52,24,2.44
Hopkins,48223,433,22,22,5,1.15,331,76.44,9,2.08,25,5.77,12,2.77,6,1.39,32,7.39,6,1.39,7,1.62
Houston,48225,486,22,22,38,7.82,254,52.26,20,4.12,68,13.99,25,5.14,17,3.5,27,5.56,22,4.53,15,3.09
Howard,48227,223,34,34,11,4.93,82,36.77,6,2.69,38,17.04,16,7.17,6,2.69,43,19.28,15,6.73,6,2.69
Hudspeth,48229,51,9,9,1,1.96,18,35.29,4,7.84,14,27.45,4,7.84,1,1.96,7,13.73,1,1.96,1,1.96
Hunt,48231,1445,36,36,24,1.66,1050,72.66,31,2.15,36,2.49,99,6.85,10,0.69,70,4.84,104,7.2,21,1.45
Hutchinson,48233,126,9,9,9,7.14,44,34.92,10,7.94,17,13.49,14,11.11,9,7.14,12,9.52,3,2.38,8,6.35
Irion,48235,24,5,5,1,4.17,9,37.5,1,4.17,5,20.83,1,4.17,1,4.17,5,20.83,0,0.0,1,4.17
Jack,48237,65,7,7,2,3.08,54,83.08,1,1.54,1,1.54,0,0.0,1,1.54,2,3.08,3,4.62,1,1.54
Jackson,48239,153,9,9,7,4.58,75,49.02,6,3.92,10,6.54,8,5.23,9,5.88,29,18.95,7,4.58,2,1.31
Jasper,48241,439,21,21,44,10.02,188,42.82,20,4.56,51,11.62,30,6.83,17,3.87,27,6.15,50,11.39,12,2.73
Jeff Davis,48243,90,6,6,0,0.0,43,47.78,3,3.33,7,7.78,4,4.44,0,0.0,29,32.22,2,2.22,2,2.22
Jefferson,48245,9497,103,106,623,6.56,5701,60.03,271,2.85,928,9.77,399,4.2,582,6.13,515,5.42,314,3.31,164,1.73
Jim Hogg,48247,944,6,6,25,2.65,67,7.1,32,3.39,432,45.76,77,8.16,23,2.44,250,26.48,18,1.91,20,2.12
Jim Wells,48249,3090,22,22,37,1.2,271,8.77,36,1.17,1547,50.06,207,6.7,29,0.94,876,28.35,46,1.49,41,1.33
Johnson,48251,2586,44,44,52,2.01,1967,76.06,59,2.28,76,2.94,101,3.91,31,1.2,162,6.26,118,4.56,20,0.77
Jones,48253,143,5,5,9,6.29,62,43.36,8,5.59,13,9.09,15,10.49,9,6.29,15,10.49,10,6.99,2,1.4
Karnes,48255,199,16,16,10,5.03,54,27.14,7,3.52,39,19.6,7,3.52,3,1.51,73,36.68,4,2.01,2,1.01
Kaufman,48257,3476,3,37,133,3.83,2583,74.31,126,3.62,129,3.71,148,4.26,84,2.42,177,5.09,51,1.47,45,1.29
Kendall,48259,1034,18,18,9,0.87,705,68.18,20,1.93,51,4.93,50,4.84,5,0.48,159,15.38,25,2.42,10,0.97
Kenedy,48261,24,7,7,1,4.17,2,8.33,0,0.0,10,41.67,1,4.17,0,0.0,7,29.17,3,12.5,0,0.0
Kent,48263,13,7,7,2,15.38,3,23.08,1,7.69,2,15.38,1,7.69,0,0.0,1,7.69,1,7.69,2,15.38
Kerr,48265,1214,21,21,23,1.89,787,64.83,24,1.98,74,6.1,52,4.28,12,0.99,187,15.4,28,2.31,27,2.22
Kimble,48267,31,8,8,2,6.45,18,58.06,1,3.23,2,6.45,3,9.68,1,3.23,3,9.68,0,0.0,1,3.23
King,48269,0,5,5,0,0,0,0,0,0,0,0,0,0,0,0,0,0,0,0,0,0
Kinney,48271,94,5,5,2,2.13,27,28.72,5,5.32,10,10.64,5,5.32,1,1.06,41,43.62,3,3.19,0,0.0
Kleberg,48273,1078,18,18,13,1.21,209,19.39,13,1.21,393,36.46,57,5.29,16,1.48,354,32.84,15,1.39,8,0.74
Knox,48275,35,7,7,1,2.86,16,45.71,1,2.86,4,11.43,1,2.86,1,2.86,8,22.86,3,8.57,0,0.0
La Salle,48283,812,7,7,13,1.6,110,13.55,29,3.57,228,28.08,100,12.32,46,5.67,235,28.94,36,4.43,15,1.85
Lamar,48277,623,26,26,21,3.37,477,76.57,11,1.77,28,4.49,26,4.17,13,2.09,19,3.05,26,4.17,2,0.32
Lamb,48279,87,12,12,9,10.34,29,33.33,0,0.0,10,11.49,11,12.64,7,8.05,16,18.39,4,4.6,1,1.15
Lampasas,48281,433,11,11,13,3.0,263,60.74,11,2.54,37,8.55,21,4.85,16,3.7,43,9.93,18,4.16,11,2.54
Lavaca,48285,225,12,12,8,3.56,111,49.33,13,5.78,31,13.78,15,6.67,4,1.78,22,9.78,17,7.56,4,1.78
Lee,48287,295,16,16,8,2.71,173,58.64,6,2.03,17,5.76,26,8.81,6,2.03,39,13.22,16,5.42,4,1.36
Leon,48289,171,15,15,11,6.43,106,61.99,2,1.17,11,6.43,7,4.09,2,1.17,22,12.87,8,4.68,2,1.17
Liberty,48291,938,22,22,73,7.78,613,65.35,16,1.71,76,8.1,34,3.62,35,3.73,42,4.48,35,3.73,14,1.49
Limestone,48293,337,21,21,10,2.97,231,68.55,5,1.48,29,8.61,9,2.67,10,2.97,24,7.12,10,2.97,9,2.67
Lipscomb,48295,19,8,8,0,0.0,6,31.58,0,0.0,4,21.05,5,26.32,1,5.26,2,10.53,0,0.0,1,5.26
Live Oak,48297,152,13,13,9,5.92,46,30.26,3,1.97,37,24.34,15,9.87,4,2.63,27,17.76,8,5.26,3,1.97
Llano,48299,531,10,10,7,1.32,383,72.13,4,0.75,31,5.84,23,4.33,12,2.26,51,9.6,15,2.82,5,0.94
Loving,48301,0,5,5,0,0,0,0,0,0,0,0,0,0,0,0,0,0,0,0,0,0
Lubbock,48303,4951,98,100,185,3.74,2211,44.66,86,1.74,118,2.38,693,14.0,155,3.13,1112,22.46,300,6.06,91,1.84
Lynn,48305,31,8,8,2,6.45,7,22.58,2,6.45,4,12.9,7,22.58,2,6.45,6,19.35,0,0.0,1,3.23
Madison,48313,102,5,5,11,10.78,49,48.04,2,1.96,5,4.9,11,10.78,5,4.9,8,7.84,7,6.86,4,3.92
Marion,48315,249,12,12,18,7.23,122,49.0,6,2.41,44,17.67,23,9.24,6,2.41,9,3.61,16,6.43,5,2.01
Martin,48317,13,7,7,0,0.0,4,30.77,1,7.69,2,15.38,1,7.69,0,0.0,3,23.08,2,15.38,0,0.0
Mason,48319,79,5,5,4,5.06,49,62.03,4,5.06,4,5.06,4,5.06,1,1.27,9,11.39,2,2.53,2,2.53
Matagorda,48321,700,19,19,18,2.57,438,62.57,18,2.57,66,9.43,32,4.57,17,2.43,60,8.57,32,4.57,19,2.71
Maverick,48323,4087,17,17,151,3.69,293,7.17,79,1.93,858,20.99,341,8.34,83,2.03,2000,48.94,219,5.36,63,1.54
McCulloch,48307,52,10,10,4,7.69,25,48.08,1,1.92,5,9.62,3,5.77,0,0.0,11,21.15,0,0.0,3,5.77
McLennan,48309,5271,91,91,207,3.93,3501,66.42,117,2.22,465,8.82,321,6.09,83,1.57,427,8.1,112,2.12,38,0.72
McMullen,48311,7,4,4,0,0.0,4,57.14,0,0.0,2,28.57,0,0.0,0,0.0,1,14.29,0,0.0,0,0.0
Medina,48325,1050,16,16,42,4.0,479,45.62,33,3.14,160,15.24,35,3.33,14,1.33,247,23.52,29,2.76,11,1.05
Menard,48327,20,7,7,2,10.0,7,35.0,1,5.0,4,20.0,0,0.0,0,0.0,4,20.0,1,5.0,1,5.0
Midland,48329,1168,46,46,33,2.83,528,45.21,44,3.77,163,13.96,142,12.16,30,2.57,185,15.84,37,3.17,6,0.51
Milam,48331,430,13,13,27,6.28,164,38.14,2,0.47,47,10.93,36,8.37,14,3.26,88,20.47,34,7.91,18,4.19
Mills,48333,43,8,8,0,0.0,28,65.12,1,2.33,2,4.65,9,20.93,1,2.33,0,0.0,1,2.33,1,2.33
Mitchell,48335,43,5,5,2,4.65,18,41.86,1,2.33,8,18.6,2,4.65,6,13.95,5,11.63,1,2.33,0,0.0
Montague,48337,153,14,16,5,3.27,87,56.86,3,1.96,12,7.84,15,9.8,2,1.31,16,10.46,9,5.88,4,2.61
Montgomery,48339,9916,114,114,172,1.73,7300,73.62,320,3.23,476,4.8,368,3.71,140,1.41,647,6.52,398,4.01,95,0.96
Moore,48341,64,7,7,3,4.69,18,28.12,3,4.69,10,15.62,7,10.94,2,3.12,16,25.0,1,1.56,4,6.25
Morris,48343,258,8,8,30,11.63,110,42.64,7,2.71,31,12.02,14,5.43,13,5.04,17,6.59,21,8.14,15,5.81
Motley,48345,7,7,7,0,0.0,4,57.14,0,0.0,0,0.0,0,0.0,0,0.0,1,14.29,2,28.57,0,0.0
Nacogdoches,48347,1021,20,20,91,8.91,527,51.62,17,1.67,91,8.91,91,8.91,25,2.45,105,10.28,53,5.19,21,2.06
Navarro,48349,805,34,34,16,1.99,616,76.52,9,1.12,36,4.47,23,2.86,30,3.73,49,6.09,21,2.61,5,0.62
Newton,48351,86,24,24,12,13.95,41,47.67,1,1.16,14,16.28,1,1.16,3,3.49,4,4.65,4,4.65,6,6.98
Nolan,48353,136,10,10,2,1.47,45,33.09,3,2.21,33,24.26,14,10.29,1,0.74,31,22.79,4,2.94,3,2.21
Nueces,48355,11575,130,130,158,1.37,3346,28.91,183,1.58,3602,31.12,683,5.9,493,4.26,2877,24.86,156,1.35,77,0.67
Ochiltree,48357,24,5,5,3,12.5,7,29.17,2,8.33,3,12.5,1,4.17,0,0.0,5,20.83,3,12.5,0,0.0
Oldham,48359,11,8,8,0,0.0,6,54.55,1,9.09,1,9.09,2,18.18,0,0.0,1,9.09,0,0.0,0,0.0
Orange,48361,988,35,35,53,5.36,424,42.91,30,3.04,147,14.88,99,10.02,48,4.86,94,9.51,72,7.29,21,2.13
Palo Pinto,48363,318,29,29,7,2.2,202,63.52,7,2.2,26,8.18,8,2.52,2,0.63,23,7.23,17,5.35,26,8.18
Panola,48365,405,20,20,66,16.3,176,43.46,4,0.99,30,7.41,31,7.65,8,1.98,24,5.93,18,4.44,48,11.85
Parker,48367,2222,45,45,50,2.25,1754,78.94,23,1.04,51,2.3,96,4.32,16,0.72,173,7.79,30,1.35,29,1.31
Parmer,48369,27,8,8,0,0.0,14,51.85,0,0.0,3,11.11,4,14.81,0,0.0,3,11.11,2,7.41,1,3.7
Pecos,48371,366,10,10,31,8.47,52,14.21,11,3.01,53,14.48,41,11.2,8,2.19,150,40.98,2,0.55,18,4.92
Polk,48373,685,23,23,12,1.75,460,67.15,14,2.04,27,3.94,28,4.09,35,5.11,48,7.01,37,5.4,24,3.5
Potter,48375,1239,25,25,53,4.28,600,48.43,67,5.41,130,10.49,90,7.26,29,2.34,184,14.85,59,4.76,27,2.18
Presidio,48377,941,8,8,38,4.04,166,17.64,39,4.14,258,27.42,93,9.88,27,2.87,281,29.86,24,2.55,15,1.59
Rains,48379,163,9,9,3,1.84,119,73.01,0,0.0,7,4.29,9,5.52,3,1.84,13,7.98,3,1.84,6,3.68
Randall,48381,1552,32,32,53,3.41,787,50.71,59,3.8,120,7.73,84,5.41,25,1.61,271,17.46,132,8.51,21,1.35
Reagan,48383,18,5,5,0,0.0,3,16.67,0,0.0,8,44.44,4,22.22,0,0.0,1,5.56,1,5.56,1,5.56
Real,48385,88,6,6,0,0.0,56,63.64,2,2.27,3,3.41,5,5.68,2,2.27,16,18.18,3,3.41,1,1.14
Red River,48387,212,30,30,15,7.08,142,66.98,6,2.83,12,5.66,12,5.66,5,2.36,11,5.19,6,2.83,3,1.42
Reeves,48389,1129,10,10,22,1.95,78,6.91,36,3.19,413,36.58,105,9.3,21,1.86,365,32.33,61,5.4,28,2.48
Refugio,48391,209,11,11,9,4.31,34,16.27,4,1.91,83,39.71,24,11.48,7,3.35,39,18.66,4,1.91,5,2.39
Roberts,48393,1,6,6,0,0.0,0,0.0,0,0.0,1,100.0,0,0.0,0,0.0,0,0.0,0,0.0,0,0.0
Robertson,48395,291,13,13,19,6.53,160,54.98,7,2.41,27,9.28,24,8.25,11,3.78,21,7.22,15,5.15,7,2.41
Rockwall,48397,2834,25,26,40,1.41,2210,77.98,60,2.12,67,2.36,108,3.81,32,1.13,126,4.45,171,6.03,20,0.71
Runnels,48399,58,10,10,2,3.45,27,46.55,1,1.72,11,18.97,4,6.9,2,3.45,6,10.34,5,8.62,0,0.0
Rusk,48401,643,22,22,89,13.84,344,53.5,19,2.95,51,7.93,30,4.67,21,3.27,37,5.75,33,5.13,19,2.95
Sabine,48403,109,9,9,5,4.59,30,27.52,4,3.67,17,15.6,6,5.5,22,20.18,13,11.93,6,5.5,6,5.5
San Augustine,48405,213,12,12,37,17.37,82,38.5,6,2.82,32,15.02,15,7.04,7,3.29,22,10.33,10,4.69,2,0.94
San Jacinto,48407,435,12,12,25,5.75,278,63.91,28,6.44,34,7.82,20,4.6,6,1.38,17,3.91,17,3.91,10,2.3
San Patricio,48409,1945,26,26,58,2.98,444,22.83,49,2.52,540,27.76,177,9.1,41,2.11,569,29.25,36,1.85,31,1.59
San Saba,48411,34,4,4,0,0.0,27,79.41,0,0.0,2,5.88,3,8.82,0,0.0,1,2.94,1,2.94,0,0.0
Schleicher,48413,53,5,5,1,1.89,22,41.51,2,3.77,14,26.42,2,3.77,2,3.77,5,9.43,2,3.77,3,5.66
Scurry,48415,78,11,11,0,0.0,42,53.85,0,0.0,5,6.41,6,7.69,2,2.56,15,19.23,7,8.97,1,1.28
Shackelford,48417,16,8,8,1,6.25,2,12.5,0,0.0,3,18.75,3,18.75,2,12.5,4,25.0,1,6.25,0,0.0
Shelby,48419,199,15,15,25,12.56,99,49.75,2,1.01,19,9.55,13,6.53,8,4.02,14,7.04,17,8.54,2,1.01
Sherman,48421,6,8,8,1,16.67,3,50.0,1,16.67,1,16.67,0,0.0,0,0.0,0,0.0,0,0.0,0,0.0
Smith,48423,4994,76,76,707,14.16,2583,51.72,135,2.7,404,8.09,381,7.63,129,2.58,406,8.13,170,3.4,79,1.58
Somervell,48425,131,4,4,3,2.29,100,76.34,2,1.53,2,1.53,3,2.29,3,2.29,11,8.4,5,3.82,2,1.53
Starr,48427,1760,15,15,54,3.07,172,9.77,58,3.3,434,24.66,201,11.42,84,4.77,683,38.81,40,2.27,34,1.93
Stephens,48429,45,6,6,4,8.89,19,42.22,1,2.22,2,4.44,3,6.67,2,4.44,7,15.56,7,15.56,0,0.0
Sterling,48431,2,4,4,0,0.0,1,50.0,0,0.0,1,50.0,0,0.0,0,0.0,0,0.0,0,0.0,0,0.0
Stonewall,48433,24,4,4,3,12.5,10,41.67,0,0.0,2,8.33,0,0.0,1,4.17,8,33.33,0,0.0,0,0.0
Sutton,48435,38,5,5,2,5.26,15,39.47,2,5.26,3,7.89,4,10.53,1,2.63,7,18.42,1,2.63,3,7.89
Swisher,48437,68,9,9,1,1.47,25,36.76,2,2.94,9,13.24,7,10.29,6,8.82,6,8.82,10,14.71,2,2.94
Tarrant,48439,66426,2532,2532,1530,2.3,53009,79.8,1080,1.63,723,1.09,2265,3.41,859,1.29,5416,8.15,1038,1.56,506,0.76
Taylor,48441,1588,35,35,97,6.11,732,46.1,59,3.72,148,9.32,184,11.59,52,3.27,194,12.22,74,4.66,48,3.02
Terrell,48443,21,5,5,0,0.0,5,23.81,1,4.76,2,9.52,1,4.76,0,0.0,11,52.38,1,4.76,0,0.0
Terry,48445,80,7,7,4,5.0,16,20.0,1,1.25,26,32.5,12,15.0,2,2.5,13,16.25,1,1.25,5,6.25
Throckmorton,48447,9,6,6,0,0.0,3,33.33,0,0.0,1,11.11,2,22.22,0,0.0,3,33.33,0,0.0,0,0.0
Titus,48449,381,20,20,23,6.04,212,55.64,10,2.62,43,11.29,19,4.99,11,2.89,23,6.04,29,7.61,11,2.89
Tom Green,48451,1522,36,36,43,2.83,613,40.28,58,3.81,333,21.88,138,9.07,45,2.96,148,9.72,87,5.72,57,3.75
Travis,48453,94595,287,288,1283,1.36,50561,53.45,1909,2.02,2639,2.79,3570,3.77,1661,1.76,30214,31.94,1646,1.74,1112,1.18
Trinity,48455,262,21,21,17,6.49,188,71.76,5,1.91,13,4.96,10,3.82,3,1.15,14,5.34,7,2.67,5,1.91
Tyler,48457,204,18,18,13,6.37,107,52.45,9,4.41,19,9.31,13,6.37,12,5.88,9,4.41,18,8.82,4,1.96
Upshur,48459,496,20,20,69,13.91,208,41.94,23,4.64,50,10.08,35,7.06,12,2.42,41,8.27,37,7.46,21,4.23
Upton,48461,27,5,5,1,3.7,4,14.81,1,3.7,7,25.93,3,11.11,0,0.0,7,25.93,4,14.81,0,0.0
Uvalde,48463,812,14,14,7,0.86,124,15.27,10,1.23,73,8.99,17,2.09,3,0.37,561,69.09,15,1.85,2,0.25
Val Verde,48465,1635,17,17,25,1.53,265,16.21,23,1.41,159,9.72,108,6.61,23,1.41,1002,61.28,21,1.28,9,0.55
Van Zandt,48467,645,18,18,14,2.17,495,76.74,20,3.1,30,4.65,29,4.5,9,1.4,26,4.03,9,1.4,13,2.02
Victoria,48469,1347,35,35,29,2.15,565,41.95,37,2.75,194,14.4,115,8.54,31,2.3,269,19.97,93,6.9,14,1.04
Walker,48471,1006,17,17,28,2.78,748,74.35,22,2.19,39,3.88,50,4.97,24,2.39,47,4.67,39,3.88,9,0.89
Waller,48473,1253,21,21,67,5.35,780,62.25,41,3.27,72,5.75,55,4.39,66,5.27,90,7.18,48,3.83,34,2.71
Ward,48475,145,9,9,2,1.38,27,18.62,7,4.83,32,22.07,38,26.21,5,3.45,28,19.31,5,3.45,1,0.69
Washington,48477,755,20,20,17,2.25,516,68.34,15,1.99,34,4.5,46,6.09,15,1.99,77,10.2,20,2.65,15,1.99
Webb,48479,16351,79,79,404,2.47,1817,11.11,1372,8.39,4648,28.43,1340,8.2,471,2.88,5733,35.06,325,1.99,241,1.47
Wharton,48481,634,13,13,25,3.94,407,64.2,10,1.58,58,9.15,30,4.73,7,1.1,39,6.15,49,7.73,9,1.42
Wheeler,48483,22,5,5,1,4.55,14,63.64,0,0.0,2,9.09,1,4.55,0,0.0,1,4.55,3,13.64,0,0.0
Wichita,48485,1589,41,41,79,4.97,933,58.72,81,5.1,34,2.14,45,2.83,76,4.78,222,13.97,86,5.41,33,2.08
Wilbarger,48487,134,5,5,8,5.97,79,58.96,2,1.49,14,10.45,10,7.46,5,3.73,9,6.72,7,5.22,0,0.0
Willacy,48489,1746,17,17,64,3.67,240,13.75,50,2.86,349,19.99,226,12.94,80,4.58,645,36.94,56,3.21,36,2.06
Williamson,48491,23883,122,164,330,1.38,15149,63.43,516,2.16,1956,8.19,901,3.77,258,1.08,3867,16.19,670,2.81,236,0.99
Wilson,48493,995,13,13,15,1.51,444,44.62,24,2.41,90,9.05,64,6.43,10,1.01,310,31.16,23,2.31,15,1.51
Winkler,48495,19,6,6,0,0.0,5,26.32,1,5.26,6,31.58,1,5.26,1,5.26,3,15.79,1,5.26,1,5.26
Wise,48497,749,29,29,19,2.54,547,73.03,15,2.0,25,3.34,47,6.28,19,2.54,49,6.54,23,3.07,5,0.67
Wood,48499,646,14,14,36,5.57,366,56.66,27,4.18,40,6.19,51,7.89,13,2.01,69,10.68,30,4.64,14,2.17
Yoakum,48501,30,7,7,0,0.0,4,13.33,1,3.33,5,16.67,5,16.67,2,6.67,9,30.0,3,10.0,1,3.33
Young,48503,148,9,9,3,2.03,72,48.65,9,6.08,8,5.41,9,6.08,6,4.05,24,16.22,16,10.81,1,0.68
Zapata,48505,2003,8,8,59,2.95,223,11.13,93,4.64,632,31.55,187,9.34,74,3.69,634,31.65,57,2.85,44,2.2
Zavala,48507,1632,6,6,61,3.74,126,7.72,32,1.96,384,23.53,119,7.29,28,1.72,829,50.8,35,2.14,18,1.1
