district_geoid,district_name,votes_dem,votes_rep,votes_total,state,dem_pct,rep_pct,dem_lead_pct,winner,representative,reelection_year,served_since
0101,Congressional District 1,74960,244783,323239,AL,23.19,75.73,-52.54,REP,"Moore, Barry",2026.0,2025.0
0102,Congressional District 2,153658,150985,308587,AL,49.79,48.93,0.86,DEM,"Figures, Shomari",2026.0,2025.0
0103,Congressional District 3,85443,235543,324579,AL,26.32,72.57,-46.25,REP,"Rogers, Mike",2026.0,2003.0
0104,Congressional District 4,51145,267001,321403,AL,15.91,83.07,-67.16,REP,"Aderholt, Robert",2026.0,1997.0
0105,Congressional District 5,120664,216261,343164,AL,35.16,63.02,-27.86,REP,"Strong, Dale",2026.0,2023.0
0106,Congressional District 6,102432,222490,330220,AL,31.02,67.38,-36.36,REP,"Palmer, Gary",2026.0,2015.0
0107,Congressional District 7,183745,121584,309502,AL,59.37,39.28,20.09,DEM,"Sewell, Terri",2026.0,2011.0
0401,Congressional District 1,211179,226062,441482,AZ,47.83,51.21,-3.38,REP,"Schweikert, David",2026.0,2023.0
0402,Congressional District 2,196071,262172,462911,AZ,42.36,56.64,-14.28,REP,"Crane, Eli",2026.0,2023.0
0403,Congressional District 3,147009,74896,224895,AZ,65.37,33.3,32.07,DEM,"Ansari, Yassamin",2026.0,2025.0
0404,Congressional District 4,161107,140931,306354,AZ,52.59,46.0,6.59,DEM,"Stanton, Greg",2026.0,2023.0
0405,Congressional District 5,175504,252397,432658,AZ,40.56,58.34,-17.78,REP,"Biggs, Andy",2026.0,2017.0
0406,Congressional District 6,205690,205909,416291,AZ,49.41,49.46,-0.05,REP,"Ciscomani, Juan",2026.0,2023.0
0407,Congressional District 7,177358,119819,300617,AZ,59.0,39.86,19.14,DEM,"Grijalva, Adelita",2026.0,2025.0
0408,Congressional District 8,163929,224419,392026,AZ,41.82,57.25,-15.43,REP,"Hamadeh, Abraham",2026.0,2025.0
0409,Congressional District 9,141659,246719,391757,AZ,36.16,62.98,-26.82,REP,"Gosar, Paul",2026.0,2023.0
0501,Congressional District 1,75680,197571,278485,AR,27.18,70.94,-43.76,REP,"Crawford, Eric “Rick”",2026.0,2011.0
0502,Congressional District 2,130548,177983,316154,AR,41.29,56.3,-15.01,REP,"Hill, French",2026.0,2015.0
0503,Congressional District 3,111070,187163,306594,AR,36.23,61.05,-24.82,REP,"Womack, Steve",2026.0,2011.0
0504,Congressional District 4,80811,201708,287811,AR,28.08,70.08,-42.0,REP,"Weerman, Bruce",2026.0,2015.0
0601,Congressional District 1,118494,200267,327978,CA,36.13,61.06,-24.93,REP,,,
0602,Congressional District 2,278553,101005,392853,CA,70.91,25.71,45.2,DEM,"Huffman, Jared",2026.0,2013.0
0603,Congressional District 3,203593,220837,438122,CA,46.47,50.41,-3.94,REP,"Kiley, Kevin",2026.0,2023.0
0604,Congressional District 4,220079,112383,343303,CA,64.11,32.74,31.37,DEM,"Thompson, Mike",2026.0,2023.0
0605,Congressional District 5,146440,208999,364843,CA,40.14,57.28,-17.14,REP,"McClintock, Tom",2026.0,2023.0
0606,Congressional District 6,165359,124695,300386,CA,55.05,41.51,13.54,DEM,"Bera, Ami",2026.0,2023.0
0607,Congressional District 7,196488,102414,310019,CA,63.38,33.03,30.35,DEM,"Matsui, Doris",2026.0,2023.0
0608,Congressional District 8,200281,77231,286917,CA,69.8,26.92,42.88,DEM,"Garamendi, John",2026.0,2023.0
0609,Congressional District 9,122542,127209,257553,CA,47.58,49.39,-1.81,REP,"Harder, Josh",2026.0,2023.0
0610,Congressional District 10,245490,117131,375251,CA,65.42,31.21,34.21,DEM,"DeSaulnier, Mark",2026.0,2023.0
0611,Congressional District 11,296025,51133,362067,CA,81.76,14.12,67.64,DEM,"Pelosi, Nancy",2026.0,2023.0
0612,Congressional District 12,265243,38067,318544,CA,83.27,11.95,71.32,DEM,"Simon, Lateefah",2026.0,2025.0
0613,Congressional District 13,107705,122437,236614,CA,45.52,51.75,-6.23,REP,"Gray, Adam",2026.0,2025.0
0614,Congressional District 14,193663,86386,291728,CA,66.38,29.61,36.77,DEM,"Swalwell, Eric",2026.0,2023.0
0615,Congressional District 15,219610,73966,304291,CA,72.17,24.31,47.86,DEM,"Mullin, Kevin",2026.0,2023.0
0616,Congressional District 16,245609,79784,337665,CA,72.74,23.63,49.11,DEM,"Liccardo, Sam",2026.0,2025.0
0617,Congressional District 17,177999,75669,265336,CA,67.08,28.52,38.56,DEM,"Khanna, Ro",2026.0,2017.0
0618,Congressional District 18,152886,82210,242806,CA,62.97,33.86,29.11,DEM,"Lofgren, Zoe",2026.0,2023.0
0619,Congressional District 19,243506,114029,370511,CA,65.72,30.78,34.94,DEM,"Panetta, Jimmy",2026.0,2023.0
0620,Congressional District 20,110000,205020,322619,CA,34.1,63.55,-29.45,REP,"Fong, Vince",2026.0,2024.0
0621,Congressional District 21,96230,89762,191059,CA,50.37,46.98,3.39,DEM,"Coa, Jim",2026.0,2023.0
0622,Congressional District 22,80108,94285,179051,CA,44.74,52.66,-7.92,REP,"Valadao, David",2026.0,2023.0
0623,Congressional District 23,122244,165728,296074,CA,41.29,55.98,-14.69,REP,"Obernolte, Jay",2026.0,2023.0
0624,Congressional District 24,214560,128825,354389,CA,60.54,36.35,24.19,DEM,"Carbajal, Salud",2026.0,2017.0
0625,Congressional District 25,132976,126788,265946,CA,50.0,47.67,2.33,DEM,"Ruiz, Raul",2026.0,2023.0
0626,Congressional District 26,193523,145559,348972,CA,55.46,41.71,13.75,DEM,"Brownley, Julia",2026.0,2013.0
0627,Congressional District 27,164807,145701,319929,CA,51.51,45.54,5.97,DEM,"Whitesides, George",2026.0,2025.0
0628,Congressional District 28,182158,101441,293345,CA,62.1,34.58,27.52,DEM,"Chu, Judy",2026.0,2023.0
0629,Congressional District 29,142614,68937,218430,CA,65.29,31.56,33.73,DEM,"Rivas, Luz",2026.0,2025.0
0630,Congressional District 30,209762,89821,310273,CA,67.61,28.95,38.66,DEM,"Friedman, Laura",2026.0,2025.0
0631,Congressional District 31,154887,105523,268572,CA,57.67,39.29,18.38,DEM,"Cisneros, Gilbert",2026.0,2025.0
0632,Congressional District 32,226353,115697,352566,CA,64.2,32.82,31.38,DEM,"Sherman, Brad",2026.0,2023.0
0633,Congressional District 33,122904,103702,233421,CA,52.65,44.43,8.22,DEM,"Aguilar, Pete",2026.0,2023.0
0634,Congressional District 34,162198,51229,223255,CA,72.65,22.95,49.7,DEM,"Gomez, Jimmy",2026.0,2017.0
0635,Congressional District 35,133479,108032,248878,CA,53.63,43.41,10.22,DEM,"Torres, Northma",2026.0,2015.0
0636,Congressional District 36,286747,126451,426933,CA,67.16,29.62,37.54,DEM,"Lieu, Ted",2026.0,2023.0
0637,Congressional District 37,177278,42255,226656,CA,78.21,18.64,59.57,DEM,"Kamlager-Dove, Sydney",2026.0,2023.0
0638,Congressional District 38,165834,111482,286310,CA,57.92,38.94,18.98,DEM,"Sánchez, Linda",2026.0,2013.0
0639,Congressional District 39,123583,103056,233840,CA,52.85,44.07,8.78,DEM,"Takano, Mark",2026.0,2023.0
0640,Congressional District 40,181935,190207,385319,CA,47.22,49.36,-2.14,REP,"Kim, Young",2026.0,2023.0
0641,Congressional District 41,165387,188618,363542,CA,45.49,51.88,-6.39,REP,"Calvert, Ken",2026.0,2023.0
0642,Congressional District 42,161028,80759,250387,CA,64.31,32.25,32.06,DEM,"Garcia, Robert Julio",2026.0,2023.0
0643,Congressional District 43,172410,55224,235143,CA,73.32,23.49,49.83,DEM,"Waters, Maxine",2026.0,2013.0
0644,Congressional District 44,164465,77354,249803,CA,65.84,30.97,34.87,DEM,"Barragán, Nanette",2026.0,2017.0
0645,Congressional District 45,167337,160599,337991,CA,49.51,47.52,1.99,DEM,"Tran, Derek",2026.0,2025.0
0646,Congressional District 46,120465,84068,211060,CA,57.08,39.83,17.25,DEM,"Correa, Luis",2026.0,2017.0
0647,Congressional District 47,181568,165975,360023,CA,50.43,46.1,4.33,DEM,"Min, Dave",2026.0,2025.0
0648,Congressional District 48,154185,206944,370375,CA,41.63,55.87,-14.24,REP,"Issa, Darrell",2026.0,2023.0
0649,Congressional District 49,203274,171175,385422,CA,52.74,44.41,8.33,DEM,"Levin, Mike",2026.0,2019.0
0650,Congressional District 50,219962,119879,351618,CA,62.56,34.09,28.47,DEM,"Peters, Scott",2026.0,2023.0
0651,Congressional District 51,214065,127164,352206,CA,60.78,36.11,24.67,DEM,"Jacobs, Sara",2026.0,2023.0
0652,Congressional District 52,159170,101497,267767,CA,59.44,37.9,21.54,DEM,"Vargas, Juan",2026.0,2023.0
0801,Congressional District 1,264670,69341,344024,CO,76.93,20.16,56.77,DEM,"DeGette, Diana",2026.0,1997.0
0802,Congressional District 2,290161,118781,420886,CO,68.94,28.22,40.72,DEM,"Neguse, Joe",2026.0,2019.0
0803,Congressional District 3,180684,220740,411760,CO,43.88,53.61,-9.73,REP,"Hurd, Jeff",2026.0,2025.0
0804,Congressional District 4,183882,270521,466032,CO,39.46,58.05,-18.59,REP,"Boebert, Lauren",2026.0,2025.0
0805,Congressional District 5,164691,198180,373135,CO,44.14,53.11,-8.97,REP,"Crank, Jeff",2026.0,2025.0
0806,Congressional District 6,216966,145172,373039,CO,58.16,38.92,19.24,DEM,"Crow, Jason",2026.0,2019.0
0807,Congressional District 7,254164,183030,449957,CO,56.49,40.68,15.81,DEM,"Pettersen, Brittany",2026.0,2023.0
0808,Congressional District 8,171042,169636,350273,CO,48.83,48.43,0.4,DEM,"Evans, Gabe",2026.0,2025.0
0901,Congressional District 1,214972,141435,362586,CT,59.29,39.01,20.28,DEM,"Larson, John",2026.0,1999.0
0902,Congressional District 2,160036,136468,301644,CT,53.05,45.24,7.81,DEM,"Courtney, Joe",2026.0,2007.0
0903,Congressional District 3,142270,97458,244903,CT,58.09,39.79,18.3,DEM,"DeLauro, Rosa",2026.0,1991.0
0904,Congressional District 4,206494,130270,342025,CT,60.37,38.09,22.28,DEM,"Himes, James “Jim”",2026.0,2009.0
0905,Congressional District 5,234806,200753,442429,CT,53.07,45.38,7.69,DEM,"Hayes, Jahana",2026.0,2019.0
09ZZ,Congressional Districts not defined,6116,7728,13985,CT,43.73,55.26,-11.53,REP,,,
1000,Congressional District (at Large),287432,213971,509009,DE,56.47,42.04,14.43,DEM,"McBride, Sarah",2026.0,2025.0
1201,Congressional District 1,127887,277865,411877,FL,31.05,67.46,-36.41,REP,"Patronis, Jimmy",2026.0,2025.0
1202,Congressional District 2,166303,240601,412690,FL,40.3,58.3,-18.0,REP,"Dunn, Neal",2026.0,2017.0
1203,Congressional District 3,153859,237079,396093,FL,38.84,59.85,-21.01,REP,"Cammack, Katherine “Kat”",2026.0,2021.0
1204,Congressional District 4,171327,219179,396004,FL,43.26,55.35,-12.09,REP,"Bean, Aaron",2026.0,2023.0
1205,Congressional District 5,170507,262986,440713,FL,38.69,59.67,-20.98,REP,"Rutherford, John",2026.0,2023.0
1206,Congressional District 6,158693,299269,463403,FL,34.25,64.58,-30.33,REP,"Fine, Randall “Randy”",2026.0,2025.0
1207,Congressional District 7,179740,229429,415472,FL,43.26,55.22,-11.96,REP,"Mills, Cory",2026.0,2023.0
1208,Congressional District 8,179855,283415,469685,FL,38.29,60.34,-22.05,REP,"Haridopolos, Mike",2026.0,2025.0
1209,Congressional District 9,175177,161615,341869,FL,51.24,47.27,3.97,DEM,"Soto, Darren",2026.0,2017.0
1210,Congressional District 10,187834,120255,313677,FL,59.88,38.34,21.54,DEM,"Fro, Maxwell",2026.0,2023.0
1211,Congressional District 11,171046,241634,418761,FL,40.85,57.7,-16.85,REP,"Weber, Daniel",2026.0,2017.0
1212,Congressional District 12,141545,292435,439004,FL,32.24,66.61,-34.37,REP,"Bilirakis, Gus",2026.0,2013.0
1213,Congressional District 13,174143,222065,401688,FL,43.35,55.28,-11.93,REP,"Luna, Anna",2026.0,2023.0
1214,Congressional District 14,192181,168105,366097,FL,52.49,45.92,6.57,DEM,"Caor, Kathy",2026.0,2013.0
1215,Congressional District 15,148599,181561,336557,FL,44.15,53.95,-9.8,REP,"Lee, Laurel",2026.0,2023.0
1216,Congressional District 16,186724,255217,447677,FL,41.71,57.01,-15.3,REP,"Buchanan, Vern",2026.0,2013.0
1217,Congressional District 17,171293,284504,460729,FL,37.18,61.75,-24.57,REP,"Steube, Gregory",2026.0,2019.0
1218,Congressional District 18,137322,246116,387719,FL,35.42,63.48,-28.06,REP,"Franklin, Scott",2026.0,2023.0
1219,Congressional District 19,142455,254308,401265,FL,35.5,63.38,-27.88,REP,"Donalds, Byron",2026.0,2021.0
1220,Congressional District 20,229531,109732,343448,FL,66.83,31.95,34.88,DEM,"Cherfilus-McCormick, Sheila",2026.0,2022.0
1221,Congressional District 21,188910,265250,459294,FL,41.13,57.75,-16.62,REP,"Ma, Brian",2026.0,2023.0
1222,Congressional District 22,199276,179439,383349,FL,51.98,46.81,5.17,DEM,"Frankel, Lois",2026.0,2023.0
1223,Congressional District 23,180376,171586,356360,FL,50.62,48.15,2.47,DEM,"Moskowitz, Jared",2026.0,2023.0
1224,Congressional District 24,180730,102456,286575,FL,63.07,35.75,27.32,DEM,"Wilson, Frederica",2026.0,2013.0
1225,Congressional District 25,172886,155557,332893,FL,51.93,46.73,5.2,DEM,"Wasserman Schultz, Debbie",2026.0,2023.0
1226,Congressional District 26,119441,237265,359989,FL,33.18,65.91,-32.73,REP,"Diaz-Balart, Mario",2026.0,2023.0
1227,Congressional District 27,154528,207326,365929,FL,42.23,56.66,-14.43,REP,"Salazar, Maria",2026.0,2021.0
1228,Congressional District 28,112990,183581,299388,FL,37.74,61.32,-23.58,REP,"Gimenez, Carlos",2026.0,2023.0
1301,Congressional District 1,142703,197562,342126,GA,41.71,57.75,-16.04,REP,"Carter, Earl “Buddy”",2026.0,2015.0
1302,Congressional District 2,159794,141422,302476,GA,52.83,46.75,6.08,DEM,"Bishop, Sanford",2026.0,1993.0
1303,Congressional District 3,138735,257271,398369,GA,34.83,64.58,-29.75,REP,"Jack, Brian",2026.0,2025.0
1304,Congressional District 4,236112,74578,314079,GA,75.18,23.74,51.44,DEM,"Johnson, Henry C. “Hank”",2026.0,2007.0
1305,Congressional District 5,307961,49066,360658,GA,85.39,13.6,71.79,DEM,"Williams, Nikema",2026.0,2021.0
1306,Congressional District 6,275357,93323,371686,GA,74.08,25.11,48.97,DEM,"McBath, Lucy",2026.0,2025.0
1307,Congressional District 7,162898,256284,423965,GA,38.42,60.45,-22.03,REP,"McCormick, Rich",2026.0,2025.0
1308,Congressional District 8,123666,222941,348034,GA,35.53,64.06,-28.53,REP,"Scott, Auin",2026.0,2011.0
1309,Congressional District 9,126748,259571,389257,GA,32.56,66.68,-34.12,REP,"Clyde, Andrew",2026.0,2021.0
1310,Congressional District 10,169875,250317,422864,GA,40.17,59.2,-19.03,REP,"Collins, Mike",2026.0,2023.0
1311,Congressional District 11,171720,266017,441858,GA,38.86,60.2,-21.34,REP,"Loudermilk, Barry",2026.0,2015.0
1312,Congressional District 12,152575,202284,356633,GA,42.78,56.72,-13.94,REP,"Allen, Rick",2026.0,2015.0
1313,Congressional District 13,249103,104486,356797,GA,69.82,29.28,40.54,DEM,"Scott, David",2026.0,2003.0
1314,Congressional District 14,115881,256314,374569,GA,30.94,68.43,-37.49,REP,,,
1601,Congressional District 1,120231,323537,455005,ID,26.42,71.11,-44.69,REP,"Fulcher, Russ",2026.0,2019.0
1602,Congressional District 2,150392,265558,429029,ID,35.05,61.9,-26.85,REP,"Simpson, Michael “Mike”",2026.0,1999.0
1701,Congressional District 1,215273,107877,328470,IL,65.54,32.84,32.7,DEM,"Jackson, Jonathan",2026.0,2023.0
1702,Congressional District 2,186182,93036,283682,IL,65.63,32.8,32.83,DEM,"Kelly, Robin",2026.0,2013.0
1703,Congressional District 3,174941,88810,268510,IL,65.15,33.08,32.07,DEM,"Ramirez, Delia",2026.0,2023.0
1704,Congressional District 4,143898,76220,223760,IL,64.31,34.06,30.25,DEM,"García, Jesús “Chuy”",2026.0,2019.0
1705,Congressional District 5,253862,114253,372815,IL,68.09,30.65,37.44,DEM,"Quigley, Mike",2026.0,2009.0
1706,Congressional District 6,189409,166342,363989,IL,52.04,45.7,6.34,DEM,"Caen, Sean",2026.0,2019.0
1707,Congressional District 7,217365,44344,264758,IL,82.1,16.75,65.35,DEM,"Davis, Danny",2026.0,1997.0
1708,Congressional District 8,160587,140808,306604,IL,52.38,45.93,6.45,DEM,"Krishnamoorthi, Raja",2026.0,2017.0
1709,Congressional District 9,224548,105494,334618,IL,67.11,31.53,35.58,DEM,"Schakowsky, Janice “Jan”",2026.0,1999.0
1710,Congressional District 10,209647,136663,354630,IL,59.12,38.54,20.58,DEM,"Schneider, Bradley “Brad”",2026.0,2017.0
1711,Congressional District 11,197712,155379,361463,IL,54.7,42.99,11.71,DEM,"Foer, Bill",2026.0,2013.0
1712,Congressional District 12,101777,260439,369386,IL,27.55,70.51,-42.96,REP,"Bo, Mike",2026.0,2015.0
1713,Congressional District 13,178641,147573,335368,IL,53.27,44.0,9.27,DEM,"Budzinski, Nicole (Nikki)",2026.0,2023.0
1714,Congressional District 14,171799,158797,338675,IL,50.73,46.89,3.84,DEM,"Underwood, Lauren",2026.0,2019.0
1715,Congressional District 15,114899,265492,388916,IL,29.54,68.26,-38.72,REP,"Miller, Mary",2026.0,2021.0
1716,Congressional District 16,148643,234204,392105,IL,37.91,59.73,-21.82,REP,"LaHood, Darin",2026.0,2023.0
1717,Congressional District 17,162395,150566,320799,IL,50.62,46.93,3.69,DEM,"Sorensen, Eric",2026.0,2023.0
17ZZ,Congressional Districts not defined,9295,2080,11579,IL,80.27,17.96,62.31,DEM,,,
1801,Congressional District 1,162738,164665,333377,IN,48.82,49.39,-0.57,REP,"Mrvan, Frank",2026.0,2021.0
1802,Congressional District 2,105797,185463,296556,IN,35.68,62.54,-26.86,REP,"Yakym, Rudy",2026.0,2022.0
1803,Congressional District 3,107622,207494,321456,IN,33.48,64.55,-31.07,REP,"Stutzman, Marlin",2026.0,2025.0
1804,Congressional District 4,115969,212091,335177,IN,34.6,63.28,-28.68,REP,"Baird, James",2026.0,2019.0
1805,Congressional District 5,153339,215945,376895,IN,40.68,57.3,-16.62,REP,"Spartz, Victoria",2026.0,2021.0
1806,Congressional District 6,99821,201908,307369,IN,32.48,65.69,-33.21,REP,"Shreve, Jefferson",2026.0,2025.0
1807,Congressional District 7,191946,83301,280547,IN,68.42,29.69,38.73,DEM,"Carson, André",2026.0,2008.0
1808,Congressional District 8,104631,224283,334877,IN,31.24,66.97,-35.73,REP,"Messmer, Mark",2026.0,2025.0
1809,Congressional District 9,121342,225697,353752,IN,34.3,63.8,-29.5,REP,"Houchin, Erin",2026.0,2023.0
1901,Congressional District 1,186530,220237,414465,IA,45.01,53.14,-8.13,REP,"Miller-Meeks, Mariannette",2026.0,2023.0
1902,Congressional District 2,188686,231352,427504,IA,44.14,54.12,-9.98,REP,"Hinson, Ashley",2026.0,2023.0
1903,Congressional District 3,200177,219636,427197,IA,46.86,51.41,-4.55,REP,"Nunn, Zachary (Zach)",2026.0,2023.0
1904,Congressional District 4,136818,259797,403442,IA,33.91,64.4,-30.49,REP,"Feenra, Randy",2026.0,2021.0
2001,Congressional District 1,104954,205929,316657,KS,33.14,65.03,-31.89,REP,"Mann, Tracey",2026.0,2021.0
2002,Congressional District 2,119257,177626,302615,KS,39.41,58.7,-19.29,REP,"Schmidt, Derek",2026.0,2025.0
2003,Congressional District 3,206772,189536,403487,KS,51.25,46.97,4.28,DEM,"Davids, Sharice",2026.0,2019.0
2004,Congressional District 4,116963,189217,311524,KS,37.55,60.74,-23.19,REP,"Ees, Ron",2026.0,2017.0
2101,Congressional District 1,85259,254674,344308,KY,24.76,73.97,-49.21,REP,"Comer, James",2026.0,2016.0
2102,Congressional District 2,97902,239154,342086,KY,28.62,69.91,-41.29,REP,"Guthrie, Brett",2026.0,2009.0
2103,Congressional District 3,194477,134604,335241,KY,58.01,40.15,17.86,DEM,"McGarvey, Morgan",2026.0,2023.0
2104,Congressional District 4,117865,246257,370521,KY,31.81,66.46,-34.65,REP,"Massie, Thomas",2026.0,2012.0
2105,Congressional District 5,54906,255230,313965,KY,17.49,81.29,-63.8,REP,"Rogers, Harold “Hal”",2026.0,1981.0
2106,Congressional District 6,147912,201019,355843,KY,41.57,56.49,-14.92,REP,"Barr, Garland “Andy”",2026.0,2013.0
2201,Congressional District 1,119181,245100,371167,LA,32.11,66.03,-33.92,REP,"Scalise, Steve",2026.0,2008.0
2202,Congressional District 2,199214,116041,321573,LA,61.95,36.09,25.86,DEM,"Carter, Troy",2026.0,2021.0
2203,Congressional District 3,92513,241901,338960,LA,27.29,71.37,-44.08,REP,"Higgins, Clay",2026.0,2017.0
2204,Congressional District 4,87812,251889,343870,LA,25.54,73.25,-47.71,REP,"Johnson, Mike",2026.0,2017.0
2205,Congressional District 5,103033,219146,326872,LA,31.52,67.04,-35.52,REP,"Letlow, Julia",2026.0,2021.0
2206,Congressional District 6,167438,133085,305520,LA,54.8,43.56,11.24,DEM,"Fields, Cleo",2026.0,2025.0
2301,Congressional District 1,260219,167570,437513,ME,59.48,38.3,21.18,DEM,"Pingree, Chellie",2026.0,2009.0
2302,Congressional District 2,176287,210602,394921,ME,44.64,53.33,-8.69,REP,"Golden, Jared",2026.0,2019.0
2401,Congressional District 1,168106,237036,414518,MD,40.55,57.18,-16.63,REP,"Harris, Andy",2026.0,2011.0
2402,Congressional District 2,231408,156442,397846,MD,58.17,39.32,18.85,DEM,"Olszewski, Johnny",2026.0,2025.0
2403,Congressional District 3,247199,145767,405112,MD,61.02,35.98,25.04,DEM,"Elfreth, Sarah",2026.0,2025.0
2404,Congressional District 4,249463,37149,294514,MD,84.7,12.61,72.09,DEM,"Ivey, Glenn",2026.0,2023.0
2405,Congressional District 5,269320,135275,413870,MD,65.07,32.69,32.38,DEM,"Hoyer, Steny",2026.0,1981.0
2406,Congressional District 6,188712,171017,369240,MD,51.11,46.32,4.79,DEM,"McClain Delaney, April",2026.0,2025.0
2407,Congressional District 7,234365,57553,299639,MD,78.22,19.21,59.01,DEM,"Mfume, Kweisi",2026.0,2020.0
2408,Congressional District 8,302559,82781,396440,MD,76.32,20.88,55.44,DEM,"Raskin, Jamie",2026.0,2017.0
2501,Congressional District 1,216262,164025,393516,MA,54.96,41.68,13.28,DEM,"Neal, Richard",2026.0,2013.0
2502,Congressional District 2,227456,142330,385413,MA,59.02,36.93,22.09,DEM,"McGovern, James “Jim”",2026.0,2013.0
2503,Congressional District 3,210874,145583,369841,MA,57.02,39.36,17.66,DEM,"Trahan, Lori",2026.0,2019.0
2504,Congressional District 4,234326,159792,409405,MA,57.24,39.03,18.21,DEM,"Auchincloss, Jake",2026.0,2021.0
2505,Congressional District 5,269567,102099,388835,MA,69.33,26.26,43.07,DEM,"Clark, Katherine",2026.0,2013.0
2506,Congressional District 6,260135,169726,446321,MA,58.28,38.03,20.25,DEM,"Moulton, Seth",2026.0,2015.0
2507,Congressional District 7,226166,47341,287221,MA,78.74,16.48,62.26,DEM,"Pressley, Ayanna",2026.0,2019.0
2508,Congressional District 8,240111,133810,389290,MA,61.68,34.37,27.31,DEM,"Lynch, Stephen",2026.0,2013.0
2509,Congressional District 9,255937,205257,476413,MA,53.72,43.08,10.64,DEM,"Keating, William R.",2026.0,2013.0
2601,Congressional District 1,187805,292407,487915,MI,38.49,59.93,-21.44,REP,"Bergman, Jack",2026.0,2017.0
2602,Congressional District 2,161379,296306,465071,MI,34.7,63.71,-29.01,REP,"Moolenaar, John",2026.0,2023.0
2603,Congressional District 3,221902,192518,422545,MI,52.52,45.56,6.96,DEM,"Scholten, Hillary",2026.0,2023.0
2604,Congressional District 4,201855,225481,434576,MI,46.45,51.89,-5.44,REP,"Huizenga, Bill",2026.0,2023.0
2605,Congressional District 5,153261,262832,422777,MI,36.25,62.17,-25.92,REP,"Walberg, Tim",2026.0,2023.0
2606,Congressional District 6,281253,172749,468713,MI,60.01,36.86,23.15,DEM,"Dingell, Debbie",2026.0,2023.0
2607,Congressional District 7,223861,228476,460129,MI,48.65,49.65,-1.0,REP,"Barrett, Tom",2026.0,2025.0
2608,Congressional District 8,208753,217919,433115,MI,48.2,50.31,-2.11,REP,"McDonald Rivet, Krien",2026.0,2025.0
2609,Congressional District 9,160836,313651,481694,MI,33.39,65.11,-31.72,REP,"McClain, Lisa",2026.0,2023.0
2610,Congressional District 10,211487,237927,459715,MI,46.0,51.76,-5.76,REP,"James, John",2026.0,2023.0
2611,Congressional District 11,264164,184616,459440,MI,57.5,40.18,17.32,DEM,"Stevens, Haley",2026.0,2019.0
2612,Congressional District 12,257203,106190,383042,MI,67.15,27.72,39.43,DEM,"Tlaib, Rashida",2026.0,2023.0
2613,Congressional District 13,206241,92644,306883,MI,67.21,30.19,37.02,DEM,"Thanedar, Shri",2026.0,2023.0
2701,Congressional District 1,166898,214552,390010,MN,42.79,55.01,-12.22,REP,"Finad, Brad",2026.0,2022.0
2702,Congressional District 2,219601,196581,426486,MN,51.49,46.09,5.4,DEM,"Craig, Angie",2026.0,2019.0
2703,Congressional District 3,244876,154384,410058,MN,59.72,37.65,22.07,DEM,"Morrison, Kelly",2026.0,2025.0
2704,Congressional District 4,247435,115978,373188,MN,66.3,31.08,35.22,DEM,"McCollum, Betty",2026.0,2001.0
2705,Congressional District 5,298807,70587,381012,MN,78.42,18.53,59.89,DEM,"Omar, Ilhan",2026.0,2019.0
2706,Congressional District 6,174159,258764,443379,MN,39.28,58.36,-19.08,REP,"Emmer, Tom",2026.0,2015.0
2707,Congressional District 7,124016,267349,399219,MN,31.06,66.97,-35.91,REP,"Fischbach, Michelle",2026.0,2021.0
2708,Congressional District 8,179022,241520,428990,MN,41.73,56.3,-14.57,REP,"Stauber, Pete",2026.0,2019.0
2801,Congressional District 1,100617,215117,320027,MS,31.44,67.22,-35.78,REP,"Kelly, Trent",2026.0,2015.0
2802,Congressional District 2,168467,117268,288672,MS,58.36,40.62,17.74,DEM,"Thompson, Bennie",2026.0,1993.0
2803,Congressional District 3,109325,205017,317406,MS,34.44,64.59,-30.15,REP,"Gue, Michael",2026.0,2019.0
2804,Congressional District 4,82453,203163,288775,MS,28.55,70.35,-41.8,REP,"Ezell, Mike",2026.0,2023.0
2901,Congressional District 1,249894,68328,324097,MO,77.1,21.08,56.02,DEM,"Bell, Wesley",2026.0,2025.0
2902,Congressional District 2,200755,241127,449545,MO,44.66,53.64,-8.98,REP,"Wagner, Ann",2026.0,2013.0
2903,Congressional District 3,136175,242978,384708,MO,35.4,63.16,-27.76,REP,"Onder, Robert",2026.0,2025.0
2904,Congressional District 4,110608,271614,387117,MO,28.57,70.16,-41.59,REP,"Alford, Mark",2026.0,2023.0
2905,Congressional District 5,198602,121511,325644,MO,60.99,37.31,23.68,DEM,"Cleaver, Emanuel",2026.0,2005.0
2906,Congressional District 6,114873,262064,381552,MO,30.11,68.68,-38.57,REP,"Graves, Sam",2026.0,2001.0
2907,Congressional District 7,106528,270737,381939,MO,27.89,70.88,-42.99,REP,"Burlison, Eric",2026.0,2023.0
2908,Congressional District 8,78072,264164,345630,MO,22.59,76.43,-53.84,REP,"Smith, Jason",2026.0,2013.0
3001,Congressional District 1,136540,175402,321990,MT,42.41,54.47,-12.06,REP,"Zinke, Ryan",2026.0,2023.0
3002,Congressional District 2,95605,176808,281361,MT,33.98,62.84,-28.86,REP,"Downing, Troy",2026.0,2025.0
3101,Congressional District 1,134408,175320,314552,NE,42.73,55.74,-13.01,REP,"Flood, Mike",2026.0,2022.0
3102,Congressional District 2,162351,149218,315922,NE,51.39,47.23,4.16,DEM,"Bacon, Don",2026.0,2017.0
3103,Congressional District 3,68424,234721,306760,NE,22.31,76.52,-54.21,REP,"Smith, Adrian",2026.0,2007.0
3201,Congressional District 1,170783,164877,341706,NV,49.98,48.25,1.73,DEM,"Titus, Dina",2026.0,2013.0
3202,Congressional District 2,175896,235018,420734,NV,41.81,55.86,-14.05,REP,"Amodei, Mark",2026.0,2011.0
3203,Congressional District 3,178585,180522,365163,NV,48.91,49.44,-0.53,REP,"Lee, Susie",2026.0,2019.0
3204,Congressional District 4,176910,165917,349191,NV,50.66,47.51,3.15,DEM,"Horsford, Steven",2026.0,2019.0
3301,Congressional District 1,171368,163222,337714,NH,50.74,48.33,2.41,DEM,"Pappas, Chris",2026.0,2019.0
3302,Congressional District 2,231232,217431,453431,NH,51.0,47.95,3.05,DEM,"Goodlander, Maggie",2026.0,2025.0
3401,Congressional District 1,211999,145220,363863,NJ,58.26,39.91,18.35,DEM,"Northcross, Donald",2026.0,2014.0
3402,Congressional District 2,165863,213380,385974,NJ,42.97,55.28,-12.31,REP,"Van Drew, Jefferson",2026.0,2019.0
3403,Congressional District 3,211021,177191,395942,NJ,53.3,44.75,8.55,DEM,"Conaway, Herbert",2026.0,2025.0
3404,Congressional District 4,142194,266994,416214,NJ,34.16,64.15,-29.99,REP,"Smith, Chriopher “Chris”",2026.0,1981.0
3405,Congressional District 5,201288,198586,407944,NJ,49.34,48.68,0.66,DEM,"Gottheimer, Josh",2026.0,2017.0
3406,Congressional District 6,161520,142596,313002,NJ,51.6,45.56,6.04,DEM,"Pallone, Frank",2026.0,1993.0
3407,Congressional District 7,213207,217861,441619,NJ,48.28,49.33,-1.05,REP,"Kean, Thomas",2026.0,2023.0
3408,Congressional District 8,137943,81620,226258,NJ,60.97,36.07,24.9,DEM,"Menendez, Robert Jacobsen",2026.0,2023.0
3409,Congressional District 9,139083,137670,285063,NJ,48.79,48.29,0.5,DEM,"Pou, Nellie",2026.0,2025.0
3410,Congressional District 10,193191,64271,262548,NJ,73.58,24.48,49.1,DEM,"McIver, LaMonica",2026.0,2024.0
3411,Congressional District 11,215971,182129,407553,NJ,52.99,44.69,8.3,DEM,,,
3412,Congressional District 12,197347,122125,329687,NJ,59.86,37.04,22.82,DEM,"Watson Coleman, Bonnie",2026.0,2015.0
3501,Congressional District 1,190597,147553,346726,NM,54.97,42.56,12.41,DEM,"Stansbury, Melanie",2026.0,2021.0
3502,Congressional District 2,131585,137620,275032,NM,47.84,50.04,-2.2,REP,"Vasquez, Gabriel (Gabe)",2026.0,2023.0
3503,Congressional District 3,155592,136792,299112,NM,52.02,45.73,6.29,DEM,"Leger Fernandez, Teresa",2026.0,2021.0
3601,Congressional District 1,193224,234414,433762,NY,44.55,54.04,-9.49,REP,"LaLota, Nicolas",2026.0,2023.0
3602,Congressional District 2,150931,202440,357188,NY,42.26,56.68,-14.42,REP,"Garbarino, Andrew",2026.0,2021.0
3603,Congressional District 3,175437,192225,373563,NY,46.96,51.46,-4.5,REP,"Suozzi, Thomas",2026.0,2024.0
3604,Congressional District 4,195272,189452,389476,NY,50.14,48.64,1.5,DEM,"Gillen, Laura",2026.0,2025.0
3605,Congressional District 5,167507,65310,236349,NY,70.87,27.63,43.24,DEM,"Meeks, Gregory",2026.0,2013.0
3606,Congressional District 6,110493,96876,211196,NY,52.32,45.87,6.45,DEM,"Meng, Grace",2026.0,2013.0
3607,Congressional District 7,169812,63019,239223,NY,70.98,26.34,44.64,DEM,"Velázquez, Nydia",2026.0,2013.0
3608,Congressional District 8,170194,65767,239989,NY,70.92,27.4,43.52,DEM,"Jeffries, Hakeem",2026.0,2013.0
3609,Congressional District 9,176939,72969,255106,NY,69.36,28.6,40.76,DEM,"Clarke, Yvette",2026.0,2013.0
3610,Congressional District 10,216949,51514,274989,NY,78.89,18.73,60.16,DEM,"Goldman, Dan",2026.0,2023.0
3611,Congressional District 11,100601,167394,273008,NY,36.85,61.31,-24.46,REP,"Malliotakis, Nicole",2026.0,2021.0
3612,Congressional District 12,277330,58937,343143,NY,80.82,17.18,63.64,DEM,"Nadler, Jerrold",2026.0,2023.0
3613,Congressional District 13,188784,46285,239003,NY,78.99,19.37,59.62,DEM,"Espaillat, Adriano",2026.0,2017.0
3614,Congressional District 14,125545,65524,194760,NY,64.46,33.64,30.82,DEM,"Ocasio-Cortez, Alexandria",2026.0,2019.0
3615,Congressional District 15,141241,48588,192003,NY,73.56,25.31,48.25,DEM,"Torres, Ritchie",2026.0,2021.0
3616,Congressional District 16,213889,107091,322984,NY,66.22,33.16,33.06,DEM,"Latimer, George",2026.0,2025.0
3617,Congressional District 17,214625,206613,424586,NY,50.55,48.66,1.89,DEM,"Lawler, Michael",2026.0,2023.0
3618,Congressional District 18,186912,176824,366126,NY,51.05,48.3,2.75,DEM,"Ryan, Patrick",2026.0,2023.0
3619,Congressional District 19,199943,192241,395794,NY,50.52,48.57,1.95,DEM,"Riley, Josh",2026.0,2025.0
3620,Congressional District 20,209609,156692,370739,NY,56.54,42.26,14.28,DEM,"Tonko, Paul",2026.0,2013.0
3621,Congressional District 21,149362,215819,367298,NY,40.67,58.76,-18.09,REP,"Stefanik, Elise",2026.0,2015.0
3622,Congressional District 22,192148,165653,359857,NY,53.4,46.03,7.37,DEM,"Mannion, John",2026.0,2025.0
3623,Congressional District 23,155594,239407,398284,NY,39.07,60.11,-21.04,REP,"Langworthy, Nicholas",2026.0,2023.0
3624,Congressional District 24,148060,234226,384798,NY,38.48,60.87,-22.39,REP,"Tenney, Claudia",2026.0,2023.0
3625,Congressional District 25,219330,151091,374600,NY,58.55,40.33,18.22,DEM,"Morelle, Joseph",2026.0,2018.0
3626,Congressional District 26,197258,132874,335154,NY,58.86,39.65,19.21,DEM,"Kennedy, Timothy",2026.0,2024.0
3701,Congressional District 1,181047,191780,376631,NC,48.07,50.92,-2.85,REP,"Davis, Donald",2026.0,2023.0
3702,Congressional District 2,271111,136075,416034,NC,65.17,32.71,32.46,DEM,"Ross, Deborah",2026.0,2021.0
3703,Congressional District 3,148958,231830,385260,NC,38.66,60.17,-21.51,REP,"Murphy, Gregory",2026.0,2019.0
3704,Congressional District 4,291554,105734,405512,NC,71.9,26.07,45.83,DEM,"Foushee, Valerie",2026.0,2023.0
3705,Congressional District 5,153522,225274,383739,NC,40.01,58.71,-18.7,REP,"Foxx, Virginia",2026.0,2005.0
3706,Congressional District 6,163724,230301,400209,NC,40.91,57.55,-16.64,REP,"McDowell, Addison",2026.0,2025.0
3707,Congressional District 7,193592,251684,450608,NC,42.96,55.85,-12.89,REP,"Rouzer, David",2026.0,2015.0
3708,Congressional District 8,170842,247294,424248,NC,40.27,58.29,-18.02,REP,"Harris, Mark Everette",2026.0,2025.0
3709,Congressional District 9,173093,228438,407021,NC,42.53,56.12,-13.59,REP,"Hudson, Richard",2026.0,2023.0
3710,Congressional District 10,160624,233588,399495,NC,40.21,58.47,-18.26,REP,"Harrigan, Pat",2026.0,2025.0
3711,Congressional District 11,200534,242493,450173,NC,44.55,53.87,-9.32,REP,"Edwards, Charles (Chuck)",2026.0,2023.0
3712,Congressional District 12,240492,90191,339050,NC,70.93,26.6,44.33,DEM,"Adams, Alma",2026.0,2014.0
3713,Congressional District 13,177888,231591,415605,NC,42.8,55.72,-12.92,REP,"Knott, Brad",2026.0,2025.0
3714,Congressional District 14,177495,235329,418651,NC,42.4,56.21,-13.81,REP,"Moore, Tim",2026.0,2025.0
3800,Congressional District (at Large),111578,243994,364814,ND,30.58,66.88,-36.3,REP,,,
3901,Congressional District 1,217168,194172,416884,OH,52.09,46.58,5.51,DEM,"Landsman, Greg",2026.0,2023.0
3902,Congressional District 2,98658,279978,381546,OH,25.86,73.38,-47.52,REP,"Taylor, David",2026.0,2025.0
3903,Congressional District 3,251271,106620,365581,OH,68.73,29.16,39.57,DEM,"Beatty, Joyce",2026.0,2013.0
3904,Congressional District 4,129318,278925,411871,OH,31.4,67.72,-36.32,REP,"Jordan, Jim",2026.0,2007.0
3905,Congressional District 5,136090,252318,392030,OH,34.71,64.36,-29.65,REP,"Latta, Robert",2026.0,2007.0
3906,Congressional District 6,126148,254728,383987,OH,32.85,66.34,-33.49,REP,"Rulli, Michael",2026.0,2024.0
3907,Congressional District 7,188713,235031,428293,OH,44.06,54.88,-10.82,REP,"Miller, Max",2026.0,2023.0
3908,Congressional District 8,143909,233817,381229,OH,37.75,61.33,-23.58,REP,"Davidson, Warren",2026.0,2016.0
3909,Congressional District 9,174657,199840,378023,OH,46.2,52.86,-6.66,REP,"Kaptur, Marcy",2026.0,1983.0
3910,Congressional District 10,175294,197643,376671,OH,46.54,52.47,-5.93,REP,"Turner, Michael",2026.0,2013.0
3911,Congressional District 11,246197,70504,320449,OH,76.83,22.0,54.83,DEM,"Brown, Shontel",2026.0,2021.0
3912,Congressional District 12,131679,257764,392893,OH,33.52,65.61,-32.09,REP,"Balderson, Troy",2026.0,2018.0
3913,Congressional District 13,192644,192408,388574,OH,49.58,49.52,0.06,DEM,"Sykes, Emilia",2026.0,2023.0
3914,Congressional District 14,166901,239316,409698,OH,40.74,58.41,-17.67,REP,"Joyce, David",2026.0,2013.0
3915,Congressional District 15,158011,192825,356952,OH,44.27,54.02,-9.75,REP,"Carey, Mike",2026.0,2021.0
4001,Congressional District 1,14919,45768,61844,OK,24.12,74.01,-49.89,REP,"Hern, Kevin",2026.0,2018.0
4002,Congressional District 2,68304,246073,319357,OK,21.39,77.05,-55.66,REP,"Brecheen, Josh",2026.0,2023.0
4003,Congressional District 3,57359,189392,251413,OK,22.81,75.33,-52.52,REP,"Lucas, Frank",2026.0,2003.0
4004,Congressional District 4,83009,181361,269392,OK,30.81,67.32,-36.51,REP,"Cole, Tom",2026.0,2003.0
4005,Congressional District 5,30913,84861,118131,OK,26.17,71.84,-45.67,REP,"Bice, Stephanie",2026.0,2021.0
4101,Congressional District 1,242719,106099,363662,OR,66.74,29.18,37.56,DEM,"Bonamici, Suzanne",2026.0,2012.0
4102,Congressional District 2,128103,221024,360478,OR,35.54,61.31,-25.77,REP,"Bentz, Cliff",2026.0,2021.0
4103,Congressional District 3,244030,89345,347715,OR,70.18,25.69,44.49,DEM,"Dexter, Maxine",2026.0,2025.0
4104,Congressional District 4,213026,168169,395143,OR,53.91,42.56,11.35,DEM,"Hoyle, Valerie",2026.0,2023.0
4105,Congressional District 5,220056,185682,421404,OR,52.22,44.06,8.16,DEM,"Bynum, Janelle",2026.0,2025.0
4106,Congressional District 6,186157,146977,346298,OR,53.76,42.44,11.32,DEM,"Salinas, Andrea",2026.0,2023.0
4201,Congressional District 1,237157,235861,478984,PA,49.51,49.24,0.27,DEM,"Fitzpatrick, Brian",2026.0,2019.0
4202,Congressional District 2,205730,89464,299561,PA,68.68,29.87,38.81,DEM,"Boyle, Brendan",2026.0,2019.0
4203,Congressional District 3,343834,49418,399318,PA,86.11,12.38,73.73,DEM,"Evans, Dwight",2026.0,2019.0
4204,Congressional District 4,271065,197896,473916,PA,57.2,41.76,15.44,DEM,"Dean, Madeleine",2026.0,2019.0
4205,Congressional District 5,262455,145081,411919,PA,63.72,35.22,28.5,DEM,"Scanlon, Mary",2026.0,2019.0
4206,Congressional District 6,230185,183404,419306,PA,54.9,43.74,11.16,DEM,"Houlahan, Chrissy",2026.0,2019.0
4207,Congressional District 7,194991,207629,406979,PA,47.91,51.02,-3.11,REP,"Mackenzie, Ryan",2026.0,2025.0
4208,Congressional District 8,174951,208689,386719,PA,45.24,53.96,-8.72,REP,"Bresnahan, Robert",2026.0,2025.0
4209,Congressional District 9,123604,271637,398831,PA,30.99,68.11,-37.12,REP,"Meuser, Daniel",2026.0,2019.0
4210,Congressional District 10,188735,213838,407270,PA,46.34,52.51,-6.17,REP,"Perry, Scott",2026.0,2019.0
4211,Congressional District 11,162273,246603,414308,PA,39.17,59.52,-20.35,REP,"Smucker, Lloyd",2026.0,2019.0
4212,Congressional District 12,256853,175061,437491,PA,58.71,40.01,18.7,DEM,"Lee, Summer",2026.0,2023.0
4213,Congressional District 13,109934,294308,407564,PA,26.97,72.21,-45.24,REP,"Joyce, John",2026.0,2019.0
4214,Congressional District 14,136254,274565,413797,PA,32.93,66.35,-33.42,REP,"Reschenthaler, Guy",2026.0,2019.0
4215,Congressional District 15,121570,274926,399870,PA,30.4,68.75,-38.35,REP,"Thompson, Glenn",2026.0,2019.0
4216,Congressional District 16,158170,251679,413359,PA,38.26,60.89,-22.63,REP,"Kelly, Mike",2026.0,2019.0
4217,Congressional District 17,237897,213782,457725,PA,51.97,46.71,5.26,DEM,"Deluzio, Chris",2026.0,2023.0
4401,Congressional District 1,98795,64893,167402,RI,59.02,38.76,20.26,DEM,"Amo, Gabe",2026.0,2023.0
4402,Congressional District 2,165191,133860,305589,RI,54.06,43.8,10.26,DEM,"Magaziner, Seth",2026.0,2023.0
4501,Congressional District 1,167161,220093,393239,SC,42.51,55.97,-13.46,REP,"Mace, Nancy",2026.0,2021.0
4502,Congressional District 2,160728,202934,369173,SC,43.54,54.97,-11.43,REP,"Wilson, Joe",2026.0,2001.0
4503,Congressional District 3,100055,252603,357143,SC,28.02,70.73,-42.71,REP,"Biggs, Sheri",2026.0,2025.0
4504,Congressional District 4,130735,218058,354510,SC,36.88,61.51,-24.63,REP,"Timmons, William",2026.0,2019.0
4505,Congressional District 5,144623,224368,374126,SC,38.66,59.97,-21.31,REP,"Northman, Ralph",2026.0,2017.0
4506,Congressional District 6,190770,130140,325993,SC,58.52,39.92,18.6,DEM,"Clyburn, James “Jim”",2026.0,1993.0
4507,Congressional District 7,137237,236910,378103,SC,36.3,62.66,-26.36,REP,"Fry, Russell",2026.0,2023.0
4600,Congressional District (at Large),122607,227686,358557,SD,34.19,63.5,-29.31,REP,,,
4701,Congressional District 1,72240,275177,351019,TN,20.58,78.39,-57.81,REP,"Harshbarger, Diana",2026.0,2021.0
4702,Congressional District 2,117804,243802,366574,TN,32.14,66.51,-34.37,REP,"Burchett, Tim",2026.0,2019.0
4703,Congressional District 3,116911,250732,372480,TN,31.39,67.31,-35.92,REP,"Fleischmann, Charles “Chuck”",2026.0,2011.0
4704,Congressional District 4,95071,243326,342525,TN,27.76,71.04,-43.28,REP,"DesJarlais, Scott",2026.0,2011.0
4705,Congressional District 5,148710,209374,363994,TN,40.86,57.52,-16.66,REP,"Ogles, Andrew",2026.0,2023.0
4706,Congressional District 6,125606,258347,388801,TN,32.31,66.45,-34.14,REP,"Rose, John W.",2026.0,2019.0
4707,Congressional District 7,116078,189645,310186,TN,37.42,61.14,-23.72,REP,"Van Epps, Matt",2026.0,2025.0
4708,Congressional District 8,98058,231806,333556,TN,29.4,69.5,-40.1,REP,"Kuoff, David",2026.0,2017.0
4709,Congressional District 9,168724,74402,247528,TN,68.16,30.06,38.1,DEM,"Cohen, Steve",2026.0,2007.0
4801,Congressional District 1,78657,245830,327327,TX,24.03,75.1,-51.07,REP,"Moran, Nathaniel",2026.0,2023.0
4802,Congressional District 2,129398,210105,343831,TX,37.63,61.11,-23.48,REP,"Crenshaw, Dan",2026.0,2019.0
4803,Congressional District 3,153334,236056,400112,TX,38.32,59.0,-20.68,REP,"Self, Keith",2026.0,2023.0
4804,Congressional District 4,119581,234492,360541,TX,33.17,65.04,-31.87,REP,"Fallon, Patrick “Pat”",2026.0,2021.0
4805,Congressional District 5,101541,184006,289337,TX,35.09,63.6,-28.51,REP,"Gooden, Lance",2026.0,2019.0
4806,Congressional District 6,102823,190582,297241,TX,34.59,64.12,-29.53,REP,"Ellzey, Jake",2026.0,2021.0
4807,Congressional District 7,142906,95392,245615,TX,58.18,38.84,19.34,DEM,"Fletcher, Lizzie",2026.0,2019.0
4808,Congressional District 8,116159,233689,354367,TX,32.78,65.95,-33.17,REP,"Luttrell, Morgan",2026.0,2023.0
4809,Congressional District 9,168353,74784,247307,TX,68.07,30.24,37.83,DEM,"Green, Al",2026.0,2005.0
4810,Congressional District 10,139719,216736,362276,TX,38.57,59.83,-21.26,REP,"McCaul, Michael",2026.0,2005.0
4811,Congressional District 11,67485,187749,257896,TX,26.17,72.8,-46.63,REP,"Pfluger, Augu",2026.0,2021.0
4812,Congressional District 12,121434,195244,320582,TX,37.88,60.9,-23.02,REP,"Goldman, Craig",2026.0,2025.0
4813,Congressional District 13,84167,226674,314439,TX,26.77,72.09,-45.32,REP,"Jackson, Ronny",2026.0,2021.0
4814,Congressional District 14,99717,199260,302225,TX,32.99,65.93,-32.94,REP,"Weber, Randy",2026.0,2013.0
4815,Congressional District 15,96739,138406,237192,TX,40.79,58.35,-17.56,REP,"De La Cruz, Mónica",2026.0,2023.0
4816,Congressional District 16,130782,93736,227904,TX,57.38,41.13,16.25,DEM,"Escobar, Veronica",2026.0,2019.0
4817,Congressional District 17,113888,196748,314636,TX,36.2,62.53,-26.33,REP,"Sessions, Pete",2026.0,2021.0
4818,Congressional District 18,158920,73631,236178,TX,67.29,31.18,36.11,DEM,"Menefee, Chriian",2026.0,2026.0
4819,Congressional District 19,66738,212152,281644,TX,23.7,75.33,-51.63,REP,"Arrington, Jodey",2026.0,2017.0
4820,Congressional District 20,140564,92554,235791,TX,59.61,39.25,20.36,DEM,"Caro, Joaquin",2026.0,2013.0
4821,Congressional District 21,161538,262103,428653,TX,37.69,61.15,-23.46,REP,"Roy, Chip",2026.0,2019.0
4822,Congressional District 22,133369,195650,336204,TX,39.67,58.19,-18.52,REP,"Nehls, Troy",2026.0,2021.0
4823,Congressional District 23,127704,172830,303581,TX,42.07,56.93,-14.86,REP,"Gonzales, Erne “Tony”",2026.0,2021.0
4824,Congressional District 24,162073,217522,387039,TX,41.88,56.2,-14.32,REP,"Van Duyne, Beth",2026.0,2021.0
4825,Congressional District 25,101583,223786,329388,TX,30.84,67.94,-37.1,REP,"Williams, Roger",2026.0,2013.0
4826,Congressional District 26,141226,239272,385900,TX,36.6,62.0,-25.4,REP,"Gill, Brandon",2026.0,2025.0
4827,Congressional District 27,99290,179628,281601,TX,35.26,63.79,-28.53,REP,"Cloud, Michael",2026.0,2018.0
4828,Congressional District 28,120761,134025,257405,TX,46.91,52.07,-5.16,REP,"Cuellar, Henry",2026.0,2005.0
4829,Congressional District 29,91486,61583,155147,TX,58.97,39.69,19.28,DEM,"Garcia, Sylvia",2026.0,2019.0
4830,Congressional District 30,190762,70736,265938,TX,71.73,26.6,45.13,DEM,"Crockett, Jasmine",2026.0,2023.0
4831,Congressional District 31,144952,230603,382026,TX,37.94,60.36,-22.42,REP,"Carter, John R.",2026.0,2003.0
4832,Congressional District 32,156490,102505,266684,TX,58.68,38.44,20.24,DEM,"Johnson, Julie",2026.0,2025.0
4833,Congressional District 33,121224,67908,193833,TX,62.54,35.03,27.51,DEM,"Veasey, Marc",2026.0,2013.0
4834,Congressional District 34,95689,107339,204910,TX,46.7,52.38,-5.68,REP,"Gonzalez, Vicente",2026.0,2023.0
4835,Congressional District 35,165228,82870,252615,TX,65.41,32.8,32.61,DEM,"Casar, Gregorio",2026.0,2023.0
4836,Congressional District 36,92432,208351,304122,TX,30.39,68.51,-38.12,REP,"Babin, Brian",2026.0,2015.0
4837,Congressional District 37,252130,88747,349794,TX,72.08,25.37,46.71,DEM,"Doggett, Lloyd",2026.0,2023.0
4838,Congressional District 38,136945,199585,342871,TX,39.94,58.21,-18.27,REP,"Hunt, Wesley",2026.0,2023.0
4901,Congressional District 1,155511,226352,394045,UT,39.47,57.44,-17.97,REP,"Moore, Blake",2026.0,2021.0
4902,Congressional District 2,140239,214916,364590,UT,38.46,58.95,-20.49,REP,"Maloy, Celee",2026.0,2023.0
4903,Congressional District 3,139158,213513,362940,UT,38.34,58.83,-20.49,REP,"Kennedy, Mike",2026.0,2025.0
4904,Congressional District 4,127294,229393,367345,UT,34.65,62.45,-27.8,REP,"Owens, Clarence “Burgess”",2026.0,2021.0
5000,Congressional District (at Large),214682,110068,334713,VT,64.14,32.88,31.26,DEM,"Balint, Becca",2026.0,2023.0
5101,Congressional District 1,223400,242348,473902,VA,47.14,51.14,-4.0,REP,"Wittman, Robert",2026.0,2007.0
5102,Congressional District 2,202889,208844,418299,VA,48.5,49.93,-1.43,REP,"Kiggans, Jennifer",2026.0,2023.0
5103,Congressional District 3,217278,106669,329666,VA,65.91,32.36,33.55,DEM,"Scott, Robert “Bobby”",2026.0,1993.0
5104,Congressional District 4,245143,122865,374651,VA,65.43,32.79,32.64,DEM,"McClellan, Jennifer",2026.0,2023.0
5105,Congressional District 5,196822,249611,452982,VA,43.45,55.1,-11.65,REP,"McGuire, John J.",2026.0,2025.0
5106,Congressional District 6,157419,258245,422258,VA,37.28,61.16,-23.88,REP,"Cline, Ben",2026.0,2019.0
5107,Congressional District 7,205859,196565,411331,VA,50.05,47.79,2.26,DEM,"Vindman, Eugene",2026.0,2025.0
5108,Congressional District 8,284365,91942,388801,VA,73.14,23.65,49.49,DEM,"Beyer, Donald",2026.0,2015.0
5109,Congressional District 9,110815,289482,404872,VA,27.37,71.5,-44.13,REP,"Griffith, Morgan",2026.0,2011.0
5110,Congressional District 10,230712,190571,435045,VA,53.03,43.8,9.23,DEM,"Subramanyam, Suhas",2026.0,2025.0
5111,Congressional District 11,270119,128800,413678,VA,65.3,31.14,34.16,DEM,"Walkinshaw, James",2026.0,2025.0
5301,Congressional District 1,233815,127446,376952,WA,62.03,33.81,28.22,DEM,"DelBene, Suzan",2026.0,2012.0
5302,Congressional District 2,253521,153116,422852,WA,59.96,36.21,23.75,DEM,"Larsen, Rick",2026.0,2001.0
5303,Congressional District 3,203705,213492,431838,WA,47.17,49.44,-2.27,REP,"Gluesenkamp Perez, Marie",2026.0,2023.0
5304,Congressional District 4,119107,183138,312361,WA,38.13,58.63,-20.5,REP,"Newhouse, Dan",2026.0,2015.0
5305,Congressional District 5,176018,224316,415105,WA,42.4,54.04,-11.64,REP,"Baumgartner, Michael",2026.0,2025.0
5306,Congressional District 6,261284,173183,451361,WA,57.89,38.37,19.52,DEM,"Randall, Emily",2026.0,2025.0
5307,Congressional District 7,367106,45706,429550,WA,85.46,10.64,74.82,DEM,"Jayapal, Pramila",2026.0,2017.0
5308,Congressional District 8,222481,191295,430526,WA,51.68,44.43,7.25,DEM,"Schrier, Kim",2026.0,2019.0
5309,Congressional District 9,218168,87877,319021,WA,68.39,27.55,40.84,DEM,"Smith, Adam",2026.0,1997.0
5310,Congressional District 10,195230,137924,346324,WA,56.37,39.83,16.54,DEM,"Strickland, Marilyn",2026.0,2021.0
5401,Congressional District 1,98038,259919,364717,WV,26.88,71.27,-44.39,REP,"Miller, Carol",2026.0,2023.0
5402,Congressional District 2,117482,276259,401506,WV,29.26,68.81,-39.55,REP,"Moore, Riley",2026.0,2025.0
5501,Congressional District 1,187384,204035,397333,WI,47.16,51.35,-4.19,REP,"Steil, Bryan",2026.0,2019.0
5502,Congressional District 2,324717,135622,467356,WI,69.48,29.02,40.46,DEM,"Pocan, Mark",2026.0,2013.0
5503,Congressional District 3,189909,220476,416889,WI,45.55,52.89,-7.34,REP,"Van Orden, Derrick",2026.0,2023.0
5504,Congressional District 4,256928,82061,344978,WI,74.48,23.79,50.69,DEM,"Moore, Gwen",2026.0,2005.0
5505,Congressional District 5,183942,288396,478791,WI,38.42,60.23,-21.81,REP,"Fitzgerald, Scott",2026.0,2021.0
5506,Congressional District 6,176782,246743,429279,WI,41.18,57.48,-16.3,REP,"Grothman, Glenn",2026.0,2015.0
5507,Congressional District 7,173540,273130,453554,WI,38.26,60.22,-21.96,REP,"Tiffany, Thomas",2026.0,2020.0
5508,Congressional District 8,176293,245017,426810,WI,41.3,57.41,-16.11,REP,"Wied, Tony",2026.0,2024.0
5600,Congressional District (at Large),71973,196740,275810,WY,26.1,71.33,-45.23,REP,"Hageman, Harriet",2026.0,2023.0
