Name,Reelection,ServedSince,Chamber,State,District,Ab
"Tuberville, Tommy",2026,2021,Senate,Alabama,,AL
"Moore, Barry",2026,2025,Congress,Alabama,1,AL
"Figures, Shomari",2026,2025,Congress,Alabama,2,AL
"Rogers, Mike",2026,2003,Congress,Alabama,3,AL
"Aderholt, Robert",2026,1997,Congress,Alabama,4,AL
"Strong, Dale",2026,2023,Congress,Alabama,5,AL
"Palmer, Gary",2026,2015,Congress,Alabama,6,AL
"Sewell, Terri",2026,2011,Congress,Alabama,7,AL
"Sullivan, Dan",2026,2015,Senate,Alaska,,AK
"Begich, Nicholas",2026,2025,Congress,Alaska, At Large,AK
"Radewagen, Aumua Amata",2026,2015,Congress,American Samoa,,#N/A
"Schweikert, David",2026,2023,Congress,Arizona,1,AZ
"Crane, Eli",2026,2023,Congress,Arizona,2,AZ
"Ansari, Yassamin",2026,2025,Congress,Arizona,3,AZ
"Stanton, Greg",2026,2023,Congress,Arizona,4,AZ
"Biggs, Andy",2026,2017,Congress,Arizona,5,AZ
"Ciscomani, Juan",2026,2023,Congress,Arizona,6,AZ
"Grijalva, Adelita",2026,2025,Congress,Arizona,7,AZ
"Hamadeh, Abraham",2026,2025,Congress,Arizona,8,AZ
"Gosar, Paul",2026,2023,Congress,Arizona,9,AZ
"Cotton, Tom",2026,2015,Senate,Arkansas,,AR
"Crawford, Eric “Rick”",2026,2011,Congress,Arkansas,1,AR
"Hill, French",2026,2015,Congress,Arkansas,2,AR
"Womack, Steve",2026,2011,Congress,Arkansas,3,AR
"Weerman, Bruce",2026,2015,Congress,Arkansas,4,AR
"DeSaulnier, Mark",2026,2023,Congress,California,10,CA
"Pelosi, Nancy",2026,2023,Congress,California,11,CA
"Simon, Lateefah",2026,2025,Congress,California,12,CA
"Gray, Adam",2026,2025,Congress,California,13,CA
"Swalwell, Eric",2026,2023,Congress,California,14,CA
"Mullin, Kevin",2026,2023,Congress,California,15,CA
"Liccardo, Sam",2026,2025,Congress,California,16,CA
"Khanna, Ro",2026,2017,Congress,California,17,CA
"Lofgren, Zoe",2026,2023,Congress,California,18,CA
"Panetta, Jimmy",2026,2023,Congress,California,19,CA
"Huffman, Jared",2026,2013,Congress,California,2,CA
"Fong, Vince",2026,2024,Congress,California,20,CA
"Coa, Jim",2026,2023,Congress,California,21,CA
"Valadao, David",2026,2023,Congress,California,22,CA
"Obernolte, Jay",2026,2023,Congress,California,23,CA
"Carbajal, Salud",2026,2017,Congress,California,24,CA
"Ruiz, Raul",2026,2023,Congress,California,25,CA
"Brownley, Julia",2026,2013,Congress,California,26,CA
"Whitesides, George",2026,2025,Congress,California,27,CA
"Chu, Judy",2026,2023,Congress,California,28,CA
"Rivas, Luz",2026,2025,Congress,California,29,CA
"Kiley, Kevin",2026,2023,Congress,California,3,CA
"Friedman, Laura",2026,2025,Congress,California,30,CA
"Cisneros, Gilbert",2026,2025,Congress,California,31,CA
"Sherman, Brad",2026,2023,Congress,California,32,CA
"Aguilar, Pete",2026,2023,Congress,California,33,CA
"Gomez, Jimmy",2026,2017,Congress,California,34,CA
"Torres, Northma",2026,2015,Congress,California,35,CA
"Lieu, Ted",2026,2023,Congress,California,36,CA
"Kamlager-Dove, Sydney",2026,2023,Congress,California,37,CA
"Sánchez, Linda",2026,2013,Congress,California,38,CA
"Takano, Mark",2026,2023,Congress,California,39,CA
"Thompson, Mike",2026,2023,Congress,California,4,CA
"Kim, Young",2026,2023,Congress,California,40,CA
"Calvert, Ken",2026,2023,Congress,California,41,CA
"Garcia, Robert Julio",2026,2023,Congress,California,42,CA
"Waters, Maxine",2026,2013,Congress,California,43,CA
"Barragán, Nanette",2026,2017,Congress,California,44,CA
"Tran, Derek",2026,2025,Congress,California,45,CA
"Correa, Luis",2026,2017,Congress,California,46,CA
"Min, Dave",2026,2025,Congress,California,47,CA
"Issa, Darrell",2026,2023,Congress,California,48,CA
"Levin, Mike",2026,2019,Congress,California,49,CA
"McClintock, Tom",2026,2023,Congress,California,5,CA
"Peters, Scott",2026,2023,Congress,California,50,CA
"Jacobs, Sara",2026,2023,Congress,California,51,CA
"Vargas, Juan",2026,2023,Congress,California,52,CA
"Bera, Ami",2026,2023,Congress,California,6,CA
"Matsui, Doris",2026,2023,Congress,California,7,CA
"Garamendi, John",2026,2023,Congress,California,8,CA
"Harder, Josh",2026,2023,Congress,California,9,CA
"Hickenlooper, John",2026,2021,Senate,Colorado,,CO
"DeGette, Diana",2026,1997,Congress,Colorado,1,CO
"Neguse, Joe",2026,2019,Congress,Colorado,2,CO
"Hurd, Jeff",2026,2025,Congress,Colorado,3,CO
"Boebert, Lauren",2026,2025,Congress,Colorado,4,CO
"Crank, Jeff",2026,2025,Congress,Colorado,5,CO
"Crow, Jason",2026,2019,Congress,Colorado,6,CO
"Pettersen, Brittany",2026,2023,Congress,Colorado,7,CO
"Evans, Gabe",2026,2025,Congress,Colorado,8,CO
"Larson, John",2026,1999,Congress,Connecticut,1,CT
"Courtney, Joe",2026,2007,Congress,Connecticut,2,CT
"DeLauro, Rosa",2026,1991,Congress,Connecticut,3,CT
"Himes, James “Jim”",2026,2009,Congress,Connecticut,4,CT
"Hayes, Jahana",2026,2019,Congress,Connecticut,5,CT
"Coons, Chriopher",2026,2010,Senate,Delaware,,DE
"McBride, Sarah",2026,2025,Congress,Delaware,At Large,DE
"Northton, EleaNorth",2026,1991,Congress,District of Columbia,,#N/A
"Moody, Ashley",2026,2025,Senate,Florida,,FL
"Patronis, Jimmy",2026,2025,Congress,Florida,1,FL
"Fro, Maxwell",2026,2023,Congress,Florida,10,FL
"Weber, Daniel",2026,2017,Congress,Florida,11,FL
"Bilirakis, Gus",2026,2013,Congress,Florida,12,FL
"Luna, Anna",2026,2023,Congress,Florida,13,FL
"Caor, Kathy",2026,2013,Congress,Florida,14,FL
"Lee, Laurel",2026,2023,Congress,Florida,15,FL
"Buchanan, Vern",2026,2013,Congress,Florida,16,FL
"Steube, Gregory",2026,2019,Congress,Florida,17,FL
"Franklin, Scott",2026,2023,Congress,Florida,18,FL
"Donalds, Byron",2026,2021,Congress,Florida,19,FL
"Dunn, Neal",2026,2017,Congress,Florida,2,FL
"Cherfilus-McCormick, Sheila",2026,2022,Congress,Florida,20,FL
"Ma, Brian",2026,2023,Congress,Florida,21,FL
"Frankel, Lois",2026,2023,Congress,Florida,22,FL
"Moskowitz, Jared",2026,2023,Congress,Florida,23,FL
"Wilson, Frederica",2026,2013,Congress,Florida,24,FL
"Wasserman Schultz, Debbie",2026,2023,Congress,Florida,25,FL
"Diaz-Balart, Mario",2026,2023,Congress,Florida,26,FL
"Salazar, Maria",2026,2021,Congress,Florida,27,FL
"Gimenez, Carlos",2026,2023,Congress,Florida,28,FL
"Cammack, Katherine “Kat”",2026,2021,Congress,Florida,3,FL
"Bean, Aaron",2026,2023,Congress,Florida,4,FL
"Rutherford, John",2026,2023,Congress,Florida,5,FL
"Fine, Randall “Randy”",2026,2025,Congress,Florida,6,FL
"Mills, Cory",2026,2023,Congress,Florida,7,FL
"Haridopolos, Mike",2026,2025,Congress,Florida,8,FL
"Soto, Darren",2026,2017,Congress,Florida,9,FL
"Ossoff, Jon",2026,2021,Senate,Georgia,,GA
"Carter, Earl “Buddy”",2026,2015,Congress,Georgia,1,GA
"Collins, Mike",2026,2023,Congress,Georgia,10,GA
"Loudermilk, Barry",2026,2015,Congress,Georgia,11,GA
"Allen, Rick",2026,2015,Congress,Georgia,12,GA
"Scott, David",2026,2003,Congress,Georgia,13,GA
"Bishop, Sanford",2026,1993,Congress,Georgia,2,GA
"Jack, Brian",2026,2025,Congress,Georgia,3,GA
"Johnson, Henry C. “Hank”",2026,2007,Congress,Georgia,4,GA
"Williams, Nikema",2026,2021,Congress,Georgia,5,GA
"McBath, Lucy",2026,2025,Congress,Georgia,6,GA
"McCormick, Rich",2026,2025,Congress,Georgia,7,GA
"Scott, Auin",2026,2011,Congress,Georgia,8,GA
"Clyde, Andrew",2026,2021,Congress,Georgia,9,GA
"Moylan, James (Jim)",2026,2023,Congress,Guam,,#N/A
"Case, Ed",2026,2019,Congress,Hawaii,1,HI
"Tokuda, Jill",2026,2023,Congress,Hawaii,2,HI
"Risch, James",2026,2009,Senate,Idaho,,ID
"Fulcher, Russ",2026,2019,Congress,Idaho,1,ID
"Simpson, Michael “Mike”",2026,1999,Congress,Idaho,2,ID
"Durbin, Richard",2026,1997,Senate,Illinois,,IL
"Jackson, Jonathan",2026,2023,Congress,Illinois,1,IL
"Schneider, Bradley “Brad”",2026,2017,Congress,Illinois,10,IL
"Foer, Bill",2026,2013,Congress,Illinois,11,IL
"Bo, Mike",2026,2015,Congress,Illinois,12,IL
"Budzinski, Nicole (Nikki)",2026,2023,Congress,Illinois,13,IL
"Underwood, Lauren",2026,2019,Congress,Illinois,14,IL
"Miller, Mary",2026,2021,Congress,Illinois,15,IL
"LaHood, Darin",2026,2023,Congress,Illinois,16,IL
"Sorensen, Eric",2026,2023,Congress,Illinois,17,IL
"Kelly, Robin",2026,2013,Congress,Illinois,2,IL
"Ramirez, Delia",2026,2023,Congress,Illinois,3,IL
"García, Jesús “Chuy”",2026,2019,Congress,Illinois,4,IL
"Quigley, Mike",2026,2009,Congress,Illinois,5,IL
"Caen, Sean",2026,2019,Congress,Illinois,6,IL
"Davis, Danny",2026,1997,Congress,Illinois,7,IL
"Krishnamoorthi, Raja",2026,2017,Congress,Illinois,8,IL
"Schakowsky, Janice “Jan”",2026,1999,Congress,Illinois,9,IL
"Mrvan, Frank",2026,2021,Congress,Indiana,1,IN
"Yakym, Rudy",2026,2022,Congress,Indiana,2,IN
"Stutzman, Marlin",2026,2025,Congress,Indiana,3,IN
"Baird, James",2026,2019,Congress,Indiana,4,IN
"Spartz, Victoria",2026,2021,Congress,Indiana,5,IN
"Shreve, Jefferson",2026,2025,Congress,Indiana,6,IN
"Carson, André",2026,2008,Congress,Indiana,7,IN
"Messmer, Mark",2026,2025,Congress,Indiana,8,IN
"Houchin, Erin",2026,2023,Congress,Indiana,9,IN
"Ern, Joni",2026,2015,Senate,Iowa,,IA
"Miller-Meeks, Mariannette",2026,2023,Congress,Iowa,1,IA
"Hinson, Ashley",2026,2023,Congress,Iowa,2,IA
"Nunn, Zachary (Zach)",2026,2023,Congress,Iowa,3,IA
"Feenra, Randy",2026,2021,Congress,Iowa,4,IA
"Marshall, Roger",2026,2021,Senate,Kansas,,KS
"Mann, Tracey",2026,2021,Congress,Kansas,1,KS
"Schmidt, Derek",2026,2025,Congress,Kansas,2,KS
"Davids, Sharice",2026,2019,Congress,Kansas,3,KS
"Ees, Ron",2026,2017,Congress,Kansas,4,KS
"McConnell, Mitch",2026,1985,Senate,Kentucky,,KY
"Comer, James",2026,2016,Congress,Kentucky,1,KY
"Guthrie, Brett",2026,2009,Congress,Kentucky,2,KY
"McGarvey, Morgan",2026,2023,Congress,Kentucky,3,KY
"Massie, Thomas",2026,2012,Congress,Kentucky,4,KY
"Rogers, Harold “Hal”",2026,1981,Congress,Kentucky,5,KY
"Barr, Garland “Andy”",2026,2013,Congress,Kentucky,6,KY
"Cassidy, Bill",2026,2015,Senate,Louisiana,,LA
"Scalise, Steve",2026,2008,Congress,Louisiana,1,LA
"Carter, Troy",2026,2021,Congress,Louisiana,2,LA
"Higgins, Clay",2026,2017,Congress,Louisiana,3,LA
"Johnson, Mike",2026,2017,Congress,Louisiana,4,LA
"Letlow, Julia",2026,2021,Congress,Louisiana,5,LA
"Fields, Cleo",2026,2025,Congress,Louisiana,6,LA
"Collins, Susan",2026,1997,Senate,Maine,,ME
"Pingree, Chellie",2026,2009,Congress,Maine,1,ME
"Golden, Jared",2026,2019,Congress,Maine,2,ME
"Harris, Andy",2026,2011,Congress,Maryland,1,MD
"Olszewski, Johnny",2026,2025,Congress,Maryland,2,MD
"Elfreth, Sarah",2026,2025,Congress,Maryland,3,MD
"Ivey, Glenn",2026,2023,Congress,Maryland,4,MD
"Hoyer, Steny",2026,1981,Congress,Maryland,5,MD
"McClain Delaney, April",2026,2025,Congress,Maryland,6,MD
"Mfume, Kweisi",2026,2020,Congress,Maryland,7,MD
"Raskin, Jamie",2026,2017,Congress,Maryland,8,MD
"Markey, Edward “Ed”",2026,2013,Senate,Massachusetts,,MA
"Neal, Richard",2026,2013,Congress,Massachusetts,1,MA
"McGovern, James “Jim”",2026,2013,Congress,Massachusetts,2,MA
"Trahan, Lori",2026,2019,Congress,Massachusetts,3,MA
"Auchincloss, Jake",2026,2021,Congress,Massachusetts,4,MA
"Clark, Katherine",2026,2013,Congress,Massachusetts,5,MA
"Moulton, Seth",2026,2015,Congress,Massachusetts,6,MA
"Pressley, Ayanna",2026,2019,Congress,Massachusetts,7,MA
"Lynch, Stephen",2026,2013,Congress,Massachusetts,8,MA
"Keating, William R.",2026,2013,Congress,Massachusetts,9,MA
"Peters, Gary",2026,2015,Senate,Michigan,,MI
"Bergman, Jack",2026,2017,Congress,Michigan,1,MI
"James, John",2026,2023,Congress,Michigan,10,MI
"Stevens, Haley",2026,2019,Congress,Michigan,11,MI
"Tlaib, Rashida",2026,2023,Congress,Michigan,12,MI
"Thanedar, Shri",2026,2023,Congress,Michigan,13,MI
"Moolenaar, John",2026,2023,Congress,Michigan,2,MI
"Scholten, Hillary",2026,2023,Congress,Michigan,3,MI
"Huizenga, Bill",2026,2023,Congress,Michigan,4,MI
"Walberg, Tim",2026,2023,Congress,Michigan,5,MI
"Dingell, Debbie",2026,2023,Congress,Michigan,6,MI
"Barrett, Tom",2026,2025,Congress,Michigan,7,MI
"McDonald Rivet, Krien",2026,2025,Congress,Michigan,8,MI
"McClain, Lisa",2026,2023,Congress,Michigan,9,MI
"Smith, Tina",2026,2018,Senate,Minnesota,,MN
"Finad, Brad",2026,2022,Congress,Minnesota,1,MN
"Craig, Angie",2026,2019,Congress,Minnesota,2,MN
"Morrison, Kelly",2026,2025,Congress,Minnesota,3,MN
"McCollum, Betty",2026,2001,Congress,Minnesota,4,MN
"Omar, Ilhan",2026,2019,Congress,Minnesota,5,MN
"Emmer, Tom",2026,2015,Congress,Minnesota,6,MN
"Fischbach, Michelle",2026,2021,Congress,Minnesota,7,MN
"Stauber, Pete",2026,2019,Congress,Minnesota,8,MN
"Hyde-Smith, Cindy",2026,2018,Senate,Mississippi,,MS
"Kelly, Trent",2026,2015,Congress,Mississippi,1,MS
"Thompson, Bennie",2026,1993,Congress,Mississippi,2,MS
"Gue, Michael",2026,2019,Congress,Mississippi,3,MS
"Ezell, Mike",2026,2023,Congress,Mississippi,4,MS
"Bell, Wesley",2026,2025,Congress,Missouri,1,MO
"Wagner, Ann",2026,2013,Congress,Missouri,2,MO
"Onder, Robert",2026,2025,Congress,Missouri,3,MO
"Alford, Mark",2026,2023,Congress,Missouri,4,MO
"Cleaver, Emanuel",2026,2005,Congress,Missouri,5,MO
"Graves, Sam",2026,2001,Congress,Missouri,6,MO
"Burlison, Eric",2026,2023,Congress,Missouri,7,MO
"Smith, Jason",2026,2013,Congress,Missouri,8,MO
"Daines, Steve",2026,2015,Senate,Montana,,MT
"Zinke, Ryan",2026,2023,Congress,Montana,1,MT
"Downing, Troy",2026,2025,Congress,Montana,2,MT
"Ricketts, Pete",2026,2023,Senate,Nebraska,,NE
"Flood, Mike",2026,2022,Congress,Nebraska,1,NE
"Bacon, Don",2026,2017,Congress,Nebraska,2,NE
"Smith, Adrian",2026,2007,Congress,Nebraska,3,NE
"Titus, Dina",2026,2013,Congress,Nevada,1,NV
"Amodei, Mark",2026,2011,Congress,Nevada,2,NV
"Lee, Susie",2026,2019,Congress,Nevada,3,NV
"Horsford, Steven",2026,2019,Congress,Nevada,4,NV
"Shaheen, Jeanne",2026,2009,Senate,New Hampshire,,NH
"Pappas, Chris",2026,2019,Congress,New Hampshire,1,NH
"Goodlander, Maggie",2026,2025,Congress,New Hampshire,2,NH
"Booker, Cory",2026,2013,Senate,New Jersey,,NJ
"Northcross, Donald",2026,2014,Congress,New Jersey,1,NJ
"McIver, LaMonica",2026,2024,Congress,New Jersey,10,NJ
"Watson Coleman, Bonnie",2026,2015,Congress,New Jersey,12,NJ
"Van Drew, Jefferson",2026,2019,Congress,New Jersey,2,NJ
"Conaway, Herbert",2026,2025,Congress,New Jersey,3,NJ
"Smith, Chriopher “Chris”",2026,1981,Congress,New Jersey,4,NJ
"Gottheimer, Josh",2026,2017,Congress,New Jersey,5,NJ
"Pallone, Frank",2026,1993,Congress,New Jersey,6,NJ
"Kean, Thomas",2026,2023,Congress,New Jersey,7,NJ
"Menendez, Robert Jacobsen",2026,2023,Congress,New Jersey,8,NJ
"Pou, Nellie",2026,2025,Congress,New Jersey,9,NJ
"Luján, Ben",2026,2021,Senate,New Mexico,,NM
"Stansbury, Melanie",2026,2021,Congress,New Mexico,1,NM
"Vasquez, Gabriel (Gabe)",2026,2023,Congress,New Mexico,2,NM
"Leger Fernandez, Teresa",2026,2021,Congress,New Mexico,3,NM
"LaLota, Nicolas",2026,2023,Congress,New York,1,NY
"Goldman, Dan",2026,2023,Congress,New York,10,NY
"Malliotakis, Nicole",2026,2021,Congress,New York,11,NY
"Nadler, Jerrold",2026,2023,Congress,New York,12,NY
"Espaillat, Adriano",2026,2017,Congress,New York,13,NY
"Ocasio-Cortez, Alexandria",2026,2019,Congress,New York,14,NY
"Torres, Ritchie",2026,2021,Congress,New York,15,NY
"Latimer, George",2026,2025,Congress,New York,16,NY
"Lawler, Michael",2026,2023,Congress,New York,17,NY
"Ryan, Patrick",2026,2023,Congress,New York,18,NY
"Riley, Josh",2026,2025,Congress,New York,19,NY
"Garbarino, Andrew",2026,2021,Congress,New York,2,NY
"Tonko, Paul",2026,2013,Congress,New York,20,NY
"Stefanik, Elise",2026,2015,Congress,New York,21,NY
"Mannion, John",2026,2025,Congress,New York,22,NY
"Langworthy, Nicholas",2026,2023,Congress,New York,23,NY
"Tenney, Claudia",2026,2023,Congress,New York,24,NY
"Morelle, Joseph",2026,2018,Congress,New York,25,NY
"Kennedy, Timothy",2026,2024,Congress,New York,26,NY
"Suozzi, Thomas",2026,2024,Congress,New York,3,NY
"Gillen, Laura",2026,2025,Congress,New York,4,NY
"Meeks, Gregory",2026,2013,Congress,New York,5,NY
"Meng, Grace",2026,2013,Congress,New York,6,NY
"Velázquez, Nydia",2026,2013,Congress,New York,7,NY
"Jeffries, Hakeem",2026,2013,Congress,New York,8,NY
"Clarke, Yvette",2026,2013,Congress,New York,9,NY
"Tillis, Thom",2026,2015,Senate,North Carolina,,NC
"Davis, Donald",2026,2023,Congress,North Carolina,1,NC
"Harrigan, Pat",2026,2025,Congress,North Carolina,10,NC
"Edwards, Charles (Chuck)",2026,2023,Congress,North Carolina,11,NC
"Adams, Alma",2026,2014,Congress,North Carolina,12,NC
"Knott, Brad",2026,2025,Congress,North Carolina,13,NC
"Moore, Tim",2026,2025,Congress,North Carolina,14,NC
"Ross, Deborah",2026,2021,Congress,North Carolina,2,NC
"Murphy, Gregory",2026,2019,Congress,North Carolina,3,NC
"Foushee, Valerie",2026,2023,Congress,North Carolina,4,NC
"Foxx, Virginia",2026,2005,Congress,North Carolina,5,NC
"McDowell, Addison",2026,2025,Congress,North Carolina,6,NC
"Rouzer, David",2026,2015,Congress,North Carolina,7,NC
"Harris, Mark Everette",2026,2025,Congress,North Carolina,8,NC
"Hudson, Richard",2026,2023,Congress,North Carolina,9,NC
"Fedorchak, Julie",2026,2025,Congress,North Dakota At Large,,#N/A
"King-Hinds, Kimberlyn",2026,2025,Congress,Norththern Mariana Islands,,#N/A
"Hued, Jon",2026,2025,Senate,Ohio,,OH
"Landsman, Greg",2026,2023,Congress,Ohio,1,OH
"Turner, Michael",2026,2013,Congress,Ohio,10,OH
"Brown, Shontel",2026,2021,Congress,Ohio,11,OH
"Balderson, Troy",2026,2018,Congress,Ohio,12,OH
"Sykes, Emilia",2026,2023,Congress,Ohio,13,OH
"Joyce, David",2026,2013,Congress,Ohio,14,OH
"Carey, Mike",2026,2021,Congress,Ohio,15,OH
"Taylor, David",2026,2025,Congress,Ohio,2,OH
"Beatty, Joyce",2026,2013,Congress,Ohio,3,OH
"Jordan, Jim",2026,2007,Congress,Ohio,4,OH
"Latta, Robert",2026,2007,Congress,Ohio,5,OH
"Rulli, Michael",2026,2024,Congress,Ohio,6,OH
"Miller, Max",2026,2023,Congress,Ohio,7,OH
"Davidson, Warren",2026,2016,Congress,Ohio,8,OH
"Kaptur, Marcy",2026,1983,Congress,Ohio,9,OH
"Mullin, Markwayne",2026,2023,Senate,Oklahoma,,OK
"Hern, Kevin",2026,2018,Congress,Oklahoma,1,OK
"Brecheen, Josh",2026,2023,Congress,Oklahoma,2,OK
"Lucas, Frank",2026,2003,Congress,Oklahoma,3,OK
"Cole, Tom",2026,2003,Congress,Oklahoma,4,OK
"Bice, Stephanie",2026,2021,Congress,Oklahoma,5,OK
"Merkley, Jeff",2026,2009,Senate,Oregon,,OR
"Bonamici, Suzanne",2026,2012,Congress,Oregon,1,OR
"Bentz, Cliff",2026,2021,Congress,Oregon,2,OR
"Dexter, Maxine",2026,2025,Congress,Oregon,3,OR
"Hoyle, Valerie",2026,2023,Congress,Oregon,4,OR
"Bynum, Janelle",2026,2025,Congress,Oregon,5,OR
"Salinas, Andrea",2026,2023,Congress,Oregon,6,OR
"Fitzpatrick, Brian",2026,2019,Congress,Pennsylvania,1,PA
"Perry, Scott",2026,2019,Congress,Pennsylvania,10,PA
"Smucker, Lloyd",2026,2019,Congress,Pennsylvania,11,PA
"Lee, Summer",2026,2023,Congress,Pennsylvania,12,PA
"Joyce, John",2026,2019,Congress,Pennsylvania,13,PA
"Reschenthaler, Guy",2026,2019,Congress,Pennsylvania,14,PA
"Thompson, Glenn",2026,2019,Congress,Pennsylvania,15,PA
"Kelly, Mike",2026,2019,Congress,Pennsylvania,16,PA
"Deluzio, Chris",2026,2023,Congress,Pennsylvania,17,PA
"Boyle, Brendan",2026,2019,Congress,Pennsylvania,2,PA
"Evans, Dwight",2026,2019,Congress,Pennsylvania,3,PA
"Dean, Madeleine",2026,2019,Congress,Pennsylvania,4,PA
"Scanlon, Mary",2026,2019,Congress,Pennsylvania,5,PA
"Houlahan, Chrissy",2026,2019,Congress,Pennsylvania,6,PA
"Mackenzie, Ryan",2026,2025,Congress,Pennsylvania,7,PA
"Bresnahan, Robert",2026,2025,Congress,Pennsylvania,8,PA
"Meuser, Daniel",2026,2019,Congress,Pennsylvania,9,PA
"Hernández Rivera, Pablo José",2026,2025,Congress,Puerto Rico,,#N/A
"Reed, John F. “Jack”",2026,1997,Senate,Rhode Island,,RI
"Amo, Gabe",2026,2023,Congress,Rhode Island,1,RI
"Magaziner, Seth",2026,2023,Congress,Rhode Island,2,RI
"Graham, Lindsey",2026,2003,Senate,South Carolina,,SC
"Mace, Nancy",2026,2021,Congress,South Carolina,1,SC
"Wilson, Joe",2026,2001,Congress,South Carolina,2,SC
"Biggs, Sheri",2026,2025,Congress,South Carolina,3,SC
"Timmons, William",2026,2019,Congress,South Carolina,4,SC
"Northman, Ralph",2026,2017,Congress,South Carolina,5,SC
"Clyburn, James “Jim”",2026,1993,Congress,South Carolina,6,SC
"Fry, Russell",2026,2023,Congress,South Carolina,7,SC
"Rounds, Mike",2026,2015,Senate,South Carolina,,SC
"Johnson, Duy",2026,2019,Congress,South Dakota At Large,,#N/A
"Hagerty, Bill",2026,2021,Senate,Tennessee,,TN
"Harshbarger, Diana",2026,2021,Congress,Tennessee,1,TN
"Burchett, Tim",2026,2019,Congress,Tennessee,2,TN
"Fleischmann, Charles “Chuck”",2026,2011,Congress,Tennessee,3,TN
"DesJarlais, Scott",2026,2011,Congress,Tennessee,4,TN
"Ogles, Andrew",2026,2023,Congress,Tennessee,5,TN
"Rose, John W.",2026,2019,Congress,Tennessee,6,TN
"Van Epps, Matt",2026,2025,Congress,Tennessee,7,TN
"Kuoff, David",2026,2017,Congress,Tennessee,8,TN
"Cohen, Steve",2026,2007,Congress,Tennessee,9,TN
"Cornyn, John",2026,2002,Senate,Texas,,TX
"Moran, Nathaniel",2026,2023,Congress,Texas,1,TX
"McCaul, Michael",2026,2005,Congress,Texas,10,TX
"Pfluger, Augu",2026,2021,Congress,Texas,11,TX
"Goldman, Craig",2026,2025,Congress,Texas,12,TX
"Jackson, Ronny",2026,2021,Congress,Texas,13,TX
"Weber, Randy",2026,2013,Congress,Texas,14,TX
"De La Cruz, Mónica",2026,2023,Congress,Texas,15,TX
"Escobar, Veronica",2026,2019,Congress,Texas,16,TX
"Sessions, Pete",2026,2021,Congress,Texas,17,TX
"Menefee, Chriian",2026,2026,Congress,Texas,18,TX
"Arrington, Jodey",2026,2017,Congress,Texas,19,TX
"Crenshaw, Dan",2026,2019,Congress,Texas,2,TX
"Caro, Joaquin",2026,2013,Congress,Texas,20,TX
"Roy, Chip",2026,2019,Congress,Texas,21,TX
"Nehls, Troy",2026,2021,Congress,Texas,22,TX
"Gonzales, Erne “Tony”",2026,2021,Congress,Texas,23,TX
"Van Duyne, Beth",2026,2021,Congress,Texas,24,TX
"Williams, Roger",2026,2013,Congress,Texas,25,TX
"Gill, Brandon",2026,2025,Congress,Texas,26,TX
"Cloud, Michael",2026,2018,Congress,Texas,27,TX
"Cuellar, Henry",2026,2005,Congress,Texas,28,TX
"Garcia, Sylvia",2026,2019,Congress,Texas,29,TX
"Self, Keith",2026,2023,Congress,Texas,3,TX
"Crockett, Jasmine",2026,2023,Congress,Texas,30,TX
"Carter, John R.",2026,2003,Congress,Texas,31,TX
"Johnson, Julie",2026,2025,Congress,Texas,32,TX
"Veasey, Marc",2026,2013,Congress,Texas,33,TX
"Gonzalez, Vicente",2026,2023,Congress,Texas,34,TX
"Casar, Gregorio",2026,2023,Congress,Texas,35,TX
"Babin, Brian",2026,2015,Congress,Texas,36,TX
"Doggett, Lloyd",2026,2023,Congress,Texas,37,TX
"Hunt, Wesley",2026,2023,Congress,Texas,38,TX
"Fallon, Patrick “Pat”",2026,2021,Congress,Texas,4,TX
"Gooden, Lance",2026,2019,Congress,Texas,5,TX
"Ellzey, Jake",2026,2021,Congress,Texas,6,TX
"Fletcher, Lizzie",2026,2019,Congress,Texas,7,TX
"Luttrell, Morgan",2026,2023,Congress,Texas,8,TX
"Green, Al",2026,2005,Congress,Texas,9,TX
"Moore, Blake",2026,2021,Congress,Utah,1,UT
"Maloy, Celee",2026,2023,Congress,Utah,2,UT
"Kennedy, Mike",2026,2025,Congress,Utah,3,UT
"Owens, Clarence “Burgess”",2026,2021,Congress,Utah,4,UT
"Balint, Becca",2026,2023,Congress,Vermont,At Large,VT
"Plaskett, Stacey",2026,2015,Congress,Virgin Islands,,#N/A
"Warner, Mark",2026,2009,Senate,Virginia,,VA
"Wittman, Robert",2026,2007,Congress,Virginia,1,VA
"Subramanyam, Suhas",2026,2025,Congress,Virginia,10,VA
"Walkinshaw, James",2026,2025,Congress,Virginia,11,VA
"Kiggans, Jennifer",2026,2023,Congress,Virginia,2,VA
"Scott, Robert “Bobby”",2026,1993,Congress,Virginia,3,VA
"McClellan, Jennifer",2026,2023,Congress,Virginia,4,VA
"McGuire, John J.",2026,2025,Congress,Virginia,5,VA
"Cline, Ben",2026,2019,Congress,Virginia,6,VA
"Vindman, Eugene",2026,2025,Congress,Virginia,7,VA
"Beyer, Donald",2026,2015,Congress,Virginia,8,VA
"Griffith, Morgan",2026,2011,Congress,Virginia,9,VA
"DelBene, Suzan",2026,2012,Congress,Washington,1,WA
"Strickland, Marilyn",2026,2021,Congress,Washington,10,WA
"Larsen, Rick",2026,2001,Congress,Washington,2,WA
"Gluesenkamp Perez, Marie",2026,2023,Congress,Washington,3,WA
"Newhouse, Dan",2026,2015,Congress,Washington,4,WA
"Baumgartner, Michael",2026,2025,Congress,Washington,5,WA
"Randall, Emily",2026,2025,Congress,Washington,6,WA
"Jayapal, Pramila",2026,2017,Congress,Washington,7,WA
"Schrier, Kim",2026,2019,Congress,Washington,8,WA
"Smith, Adam",2026,1997,Congress,Washington,9,WA
"Capito, Shelley",2026,2015,Senate,West Virginia,,WV
"Miller, Carol",2026,2023,Congress,West Virginia,1,WV
"Moore, Riley",2026,2025,Congress,West Virginia,2,WV
"Steil, Bryan",2026,2019,Congress,Wisconsin,1,WI
"Pocan, Mark",2026,2013,Congress,Wisconsin,2,WI
"Van Orden, Derrick",2026,2023,Congress,Wisconsin,3,WI
"Moore, Gwen",2026,2005,Congress,Wisconsin,4,WI
"Fitzgerald, Scott",2026,2021,Congress,Wisconsin,5,WI
"Grothman, Glenn",2026,2015,Congress,Wisconsin,6,WI
"Tiffany, Thomas",2026,2020,Congress,Wisconsin,7,WI
"Wied, Tony",2026,2024,Congress,Wisconsin,8,WI
"Lummis, Cynthia",2026,2021,Senate,Wyoming,,WY
"Hageman, Harriet",2026,2023,Congress,Wyoming,At Large,WY
"Britt, Katie",2028,2023,Senate,Alabama,,AL
"Murkowski, Lisa",2028,2003,Senate,Alaska,,AK
"Kelly, Mark",2028,2020,Senate,Arizona,,AZ
"Boozman, John",2028,2011,Senate,Arkansas,,AR
"Padilla, Alejandro “Alex”",2028,2021,Senate,California,,CA
"Bennet, Michael",2028,2009,Senate,Colorado,,CO
"Blumenthal, Richard",2028,2011,Senate,Connecticut,,CT
"Warnock, Raphael",2028,2021,Senate,Georgia,,GA
"Schatz, Brian",2028,2012,Senate,Hawaii,,HI
"Crapo, Michael “Mike”",2028,1999,Senate,Idaho,,ID
"Duckworth, Tammy",2028,2017,Senate,Illinois,,IL
"Young, Todd",2028,2017,Senate,Indiana,,IN
"Grassley, Charles “Chuck”",2028,1981,Senate,Iowa,,IA
"Moran, Jerry",2028,2011,Senate,Kansas,,KS
"Paul, Rand",2028,2011,Senate,Kentucky,,KY
"Kennedy, John Neely",2028,2017,Senate,Louisiana,,LA
"Van Hollen, Chris",2028,2017,Senate,Maryland,,MD
"Schmitt, Eric",2028,2023,Senate,Missouri,,MO
"Cortez Mao, Catherine",2028,2017,Senate,Nevada,,NV
"Hassan, Margaret “Maggie”",2028,2017,Senate,New Hampshire,,NH
"Schumer, Charles “Chuck”",2028,1999,Senate,New York,,NY
"Budd, Ted",2028,2023,Senate,North Carolina,,NC
"Hoeven, John",2028,2011,Senate,North Dakota,,ND
"Lankford, James",2028,2015,Senate,Oklahoma,,OK
"Wyden, Ron",2028,1996,Senate,Oregon,,OR
"Fetterman, John",2028,2023,Senate,Pennsylvania,,PA
"Scott, Tim",2028,2013,Senate,South Carolina,,SC
"Thune, John",2028,2005,Senate,South Carolina,,SC
"Lee, Mike",2028,2011,Senate,Utah,,UT
"Welch, Peter",2028,2023,Senate,Vermont,,VT
"Murray, Patty",2028,1993,Senate,Washington,,WA
"Johnson, Ron",2028,2011,Senate,Wisconsin,,WI
"Gallego, Ruben",2030,2025,Senate,Arizona,,AZ
"Schiff, Adam",2030,2024,Senate,California,,CA
"Murphy, Chriopher",2030,2013,Senate,Connecticut,,CT
"Blunt Rocheer, Lisa",2030,2025,Senate,Delaware,,DE
"Scott, Rick",2030,2019,Senate,Florida,,FL
"Hirono, Mazie",2030,2013,Senate,Hawaii,,HI
"Banks, Jim",2030,2025,Senate,Indiana,,IN
"King, Angus",2030,2013,Senate,Maine,,ME
"Alsobrooks, Angela",2030,2025,Senate,Maryland,,MD
"Warren, Elizabeth",2030,2013,Senate,Massachusetts,,MA
"Slotkin, Elissa",2030,2025,Senate,Michigan,,MI
"Klobuchar, Amy",2030,2007,Senate,Minnesota,,MN
"Wicker, Roger",2030,2007,Senate,Mississippi,,MS
"Hawley, Joshua “Josh”",2030,2019,Senate,Missouri,,MO
"Sheehy, Tim",2030,2025,Senate,Montana,,MT
"Fischer, Deb",2030,2013,Senate,Nebraska,,NE
"Rosen, Jacky",2030,2019,Senate,Nevada,,NV
"Kim, Andy",2030,2024,Senate,New Jersey,,NJ
"Heinrich, Martin",2030,2013,Senate,New Mexico,,NM
"Gillibrand, Kiren",2030,2009,Senate,New York,,NY
"Cramer, Kevin",2030,2019,Senate,North Dakota,,ND
"Moreno, Bernie",2030,2025,Senate,Ohio,,OH
"McCormick, Dave",2030,2025,Senate,Pennsylvania,,PA
"Whitehouse, Sheldon",2030,2007,Senate,Rhode Island,,RI
"Blackburn, Marsha",2030,2019,Senate,Tennessee,,TN
"Cruz, Ted",2030,2013,Senate,Texas,,TX
"Curtis, John",2030,2025,Senate,Utah,,UT
"Sanders, Bernard “Bernie”",2030,2007,Senate,Vermont,,VT
"Kaine, Timothy “Tim”",2030,2013,Senate,Virginia,,VA
"Cantwell, Maria",2030,2001,Senate,Washington,,WA
"Juice, Jim",2030,2025,Senate,West Virginia,,WV
"Baldwin, Tammy",2030,2013,Senate,Wisconsin,,WI
"Barrasso, John",2030,2007,Senate,Wyoming,,WY