candidate_id,candidate_name,contest_type,county,fips,first_name,incumbent,last_name,party,party_name,pct_reporting,race_type,state,timestamp,total_votes,vote_pct,vote_pct_str,votes
20076942,Ty Pinkins,SD,Adams,28001,Ty,False,Pinkins,DEM,Democratic,86,S,Mississippi,2024-04-15T04:37:11.000Z,1474,100,100.0,1474
20076942,Ty Pinkins,SD,Alcorn,28003,Ty,False,Pinkins,DEM,Democratic,89,S,Mississippi,2024-04-15T04:38:09.000Z,263,100,100.0,263
20076942,Ty Pinkins,SD,Amite,28005,Ty,False,Pinkins,DEM,Democratic,92,S,Mississippi,2024-04-15T04:36:12.000Z,701,100,100.0,701
20076942,Ty Pinkins,SD,Attala,28007,Ty,False,Pinkins,DEM,Democratic,92,S,Mississippi,2024-04-15T04:36:54.000Z,794,100,100.0,794
20076942,Ty Pinkins,SD,Benton,28009,Ty,False,Pinkins,DEM,Democratic,84,S,Mississippi,2024-04-15T04:41:34.000Z,226,100,100.0,226
20076942,Ty Pinkins,SD,Bolivar,28011,Ty,False,Pinkins,DEM,Democratic,89,S,Mississippi,2024-04-15T04:34:13.000Z,1596,100,100.0,1596
20076942,Ty Pinkins,SD,Calhoun,28013,Ty,False,Pinkins,DEM,Democratic,100,S,Mississippi,2024-04-15T04:40:58.000Z,249,100,100.0,249
20076942,Ty Pinkins,SD,Carroll,28015,Ty,False,Pinkins,DEM,Democratic,85,S,Mississippi,2024-04-15T04:39:19.000Z,301,100,100.0,301
20076942,Ty Pinkins,SD,Chickasaw,28017,Ty,False,Pinkins,DEM,Democratic,89,S,Mississippi,2024-04-15T04:39:07.000Z,567,100,100.0,567
20076942,Ty Pinkins,SD,Choctaw,28019,Ty,False,Pinkins,DEM,Democratic,95,S,Mississippi,2024-04-15T04:38:17.000Z,293,100,100.0,293
20076942,Ty Pinkins,SD,Claiborne,28021,Ty,False,Pinkins,DEM,Democratic,87,S,Mississippi,2024-04-15T04:40:22.000Z,722,100,100.0,722
20076942,Ty Pinkins,SD,Clarke,28023,Ty,False,Pinkins,DEM,Democratic,82,S,Mississippi,2024-04-15T04:35:32.000Z,641,100,100.0,641
20076942,Ty Pinkins,SD,Clay,28025,Ty,False,Pinkins,DEM,Democratic,91,S,Mississippi,2024-04-15T04:39:52.000Z,916,100,100.0,916
20076942,Ty Pinkins,SD,Coahoma,28027,Ty,False,Pinkins,DEM,Democratic,87,S,Mississippi,2024-04-15T04:37:39.000Z,962,100,100.0,962
20076942,Ty Pinkins,SD,Copiah,28029,Ty,False,Pinkins,DEM,Democratic,89,S,Mississippi,2024-04-15T04:37:18.000Z,1184,100,100.0,1184
20076942,Ty Pinkins,SD,Covington,28031,Ty,False,Pinkins,DEM,Democratic,83,S,Mississippi,2024-04-15T04:41:57.000Z,463,100,100.0,463
20076942,Ty Pinkins,SD,DeSoto,28033,Ty,False,Pinkins,DEM,Democratic,93,S,Mississippi,2024-04-15T04:33:21.000Z,3304,100,100.0,3304
20076942,Ty Pinkins,SD,Forrest,28035,Ty,False,Pinkins,DEM,Democratic,90,S,Mississippi,2024-04-15T04:33:45.000Z,1637,100,100.0,1637
20076942,Ty Pinkins,SD,Franklin,28037,Ty,False,Pinkins,DEM,Democratic,90,S,Mississippi,2024-04-15T04:39:45.000Z,308,100,100.0,308
20076942,Ty Pinkins,SD,George,28039,Ty,False,Pinkins,DEM,Democratic,95,S,Mississippi,2024-04-15T04:36:05.000Z,172,100,100.0,172
20076942,Ty Pinkins,SD,Greene,28041,Ty,False,Pinkins,DEM,Democratic,85,S,Mississippi,2024-04-15T04:39:58.000Z,130,100,100.0,130
20076942,Ty Pinkins,SD,Grenada,28043,Ty,False,Pinkins,DEM,Democratic,89,S,Mississippi,2024-04-15T04:40:10.000Z,755,100,100.0,755
20076942,Ty Pinkins,SD,Hancock,28045,Ty,False,Pinkins,DEM,Democratic,93,S,Mississippi,2024-04-15T04:34:40.000Z,382,100,100.0,382
20076942,Ty Pinkins,SD,Harrison,28047,Ty,False,Pinkins,DEM,Democratic,92,S,Mississippi,2024-04-15T04:32:56.000Z,2347,100,100.0,2347
20076942,Ty Pinkins,SD,Hinds,28049,Ty,False,Pinkins,DEM,Democratic,92,S,Mississippi,2024-04-15T04:32:49.000Z,15621,100,100.0,15621
20076942,Ty Pinkins,SD,Holmes,28051,Ty,False,Pinkins,DEM,Democratic,88,S,Mississippi,2024-04-15T04:38:42.000Z,1434,100,100.0,1434
20076942,Ty Pinkins,SD,Humphreys,28053,Ty,False,Pinkins,DEM,Democratic,85,S,Mississippi,2024-04-15T04:40:16.000Z,536,100,100.0,536
20076942,Ty Pinkins,SD,Issaquena,28055,Ty,False,Pinkins,DEM,Democratic,99,S,Mississippi,2024-04-15T04:41:43.000Z,92,100,100.0,92
20076942,Ty Pinkins,SD,Itawamba,28057,Ty,False,Pinkins,DEM,Democratic,83,S,Mississippi,2024-04-15T04:34:06.000Z,117,100,100.0,117
20076942,Ty Pinkins,SD,Jackson,28059,Ty,False,Pinkins,DEM,Democratic,92,S,Mississippi,2024-04-15T04:33:54.000Z,2085,100,100.0,2085
20076942,Ty Pinkins,SD,Jasper,28061,Ty,False,Pinkins,DEM,Democratic,89,S,Mississippi,2024-04-15T04:38:24.000Z,836,100,100.0,836
20076942,Ty Pinkins,SD,Jefferson,28063,Ty,False,Pinkins,DEM,Democratic,92,S,Mississippi,2024-04-15T04:37:57.000Z,714,100,100.0,714
20076942,Ty Pinkins,SD,Jefferson Davis,28065,Ty,False,Pinkins,DEM,Democratic,80,S,Mississippi,2024-04-15T04:40:42.000Z,796,100,100.0,796
20076942,Ty Pinkins,SD,Jones,28067,Ty,False,Pinkins,DEM,Democratic,88,S,Mississippi,2024-04-15T04:33:34.000Z,1083,100,100.0,1083
20076942,Ty Pinkins,SD,Kemper,28069,Ty,False,Pinkins,DEM,Democratic,76,S,Mississippi,2024-04-10T20:17:06.000Z,452,100,100.0,452
20076942,Ty Pinkins,SD,Lafayette,28071,Ty,False,Pinkins,DEM,Democratic,93,S,Mississippi,2024-04-15T04:38:03.000Z,1170,100,100.0,1170
20076942,Ty Pinkins,SD,Lamar,28073,Ty,False,Pinkins,DEM,Democratic,90,S,Mississippi,2024-04-15T04:35:13.000Z,659,100,100.0,659
20076942,Ty Pinkins,SD,Lauderdale,28075,Ty,False,Pinkins,DEM,Democratic,79,S,Mississippi,2024-04-15T04:33:27.000Z,1977,100,100.0,1977
20076942,Ty Pinkins,SD,Lawrence,28077,Ty,False,Pinkins,DEM,Democratic,88,S,Mississippi,2024-04-15T04:34:53.000Z,434,100,100.0,434
20076942,Ty Pinkins,SD,Leake,28079,Ty,False,Pinkins,DEM,Democratic,89,S,Mississippi,2024-04-15T04:37:24.000Z,769,100,100.0,769
20076942,Ty Pinkins,SD,Lee,28081,Ty,False,Pinkins,DEM,Democratic,92,S,Mississippi,2024-04-15T04:33:40.000Z,1190,100,100.0,1190
20076942,Ty Pinkins,SD,Leflore,28083,Ty,False,Pinkins,DEM,Democratic,88,S,Mississippi,2024-04-10T20:24:41.000Z,967,100,100.0,967
20076942,Ty Pinkins,SD,Lincoln,28085,Ty,False,Pinkins,DEM,Democratic,84,S,Mississippi,2024-04-15T04:34:01.000Z,701,100,100.0,701
20076942,Ty Pinkins,SD,Lowndes,28087,Ty,False,Pinkins,DEM,Democratic,87,S,Mississippi,2024-04-15T04:36:42.000Z,1265,100,100.0,1265
20076942,Ty Pinkins,SD,Madison,28089,Ty,False,Pinkins,DEM,Democratic,87,S,Mississippi,2024-04-15T04:33:14.000Z,3723,100,100.0,3723
20076942,Ty Pinkins,SD,Marion,28091,Ty,False,Pinkins,DEM,Democratic,85,S,Mississippi,2024-04-15T04:35:54.000Z,558,100,100.0,558
20076942,Ty Pinkins,SD,Marshall,28093,Ty,False,Pinkins,DEM,Democratic,84,S,Mississippi,2024-04-15T04:35:05.000Z,1305,100,100.0,1305
20076942,Ty Pinkins,SD,Monroe,28095,Ty,False,Pinkins,DEM,Democratic,87,S,Mississippi,2024-04-15T04:34:25.000Z,797,100,100.0,797
20076942,Ty Pinkins,SD,Montgomery,28097,Ty,False,Pinkins,DEM,Democratic,88,S,Mississippi,2024-04-15T04:38:49.000Z,504,100,100.0,504
20076942,Ty Pinkins,SD,Neshoba,28099,Ty,False,Pinkins,DEM,Democratic,82,S,Mississippi,2024-04-15T04:35:44.000Z,427,100,100.0,427
20076942,Ty Pinkins,SD,Newton,28101,Ty,False,Pinkins,DEM,Democratic,81,S,Mississippi,2024-04-15T04:38:36.000Z,589,100,100.0,589
20076942,Ty Pinkins,SD,Noxubee,28103,Ty,False,Pinkins,DEM,Democratic,71,S,Mississippi,2024-04-10T20:28:49.000Z,247,100,100.0,247
20076942,Ty Pinkins,SD,Oktibbeha,28105,Ty,False,Pinkins,DEM,Democratic,87,S,Mississippi,2024-04-15T04:36:48.000Z,965,100,100.0,965
20076942,Ty Pinkins,SD,Panola,28107,Ty,False,Pinkins,DEM,Democratic,86,S,Mississippi,2024-04-15T04:36:24.000Z,1071,100,100.0,1071
20076942,Ty Pinkins,SD,Pearl River,28109,Ty,False,Pinkins,DEM,Democratic,92,S,Mississippi,2024-04-15T04:34:33.000Z,467,100,100.0,467
20076942,Ty Pinkins,SD,Perry,28111,Ty,False,Pinkins,DEM,Democratic,89,S,Mississippi,2024-04-15T04:39:12.000Z,175,100,100.0,175
20076942,Ty Pinkins,SD,Pike,28113,Ty,False,Pinkins,DEM,Democratic,84,S,Mississippi,2024-04-15T04:34:45.000Z,1303,100,100.0,1303
20076942,Ty Pinkins,SD,Pontotoc,28115,Ty,False,Pinkins,DEM,Democratic,93,S,Mississippi,2024-04-15T04:34:19.000Z,290,100,100.0,290
20076942,Ty Pinkins,SD,Prentiss,28117,Ty,False,Pinkins,DEM,Democratic,94,S,Mississippi,2024-04-15T04:39:28.000Z,208,100,100.0,208
20076942,Ty Pinkins,SD,Quitman,28119,Ty,False,Pinkins,DEM,Democratic,91,S,Mississippi,2024-04-15T04:41:04.000Z,439,100,100.0,439
20076942,Ty Pinkins,SD,Rankin,28121,Ty,False,Pinkins,DEM,Democratic,92,S,Mississippi,2024-04-15T04:33:06.000Z,2416,100,100.0,2416
20076942,Ty Pinkins,SD,Scott,28123,Ty,False,Pinkins,DEM,Democratic,86,S,Mississippi,2024-04-15T04:35:19.000Z,832,100,100.0,832
20076942,Ty Pinkins,SD,Sharkey,28125,Ty,False,Pinkins,DEM,Democratic,99,S,Mississippi,2024-04-15T04:41:15.000Z,339,100,100.0,339
20076942,Ty Pinkins,SD,Simpson,28127,Ty,False,Pinkins,DEM,Democratic,85,S,Mississippi,2024-04-15T04:35:49.000Z,793,100,100.0,793
20076942,Ty Pinkins,SD,Smith,28129,Ty,False,Pinkins,DEM,Democratic,89,S,Mississippi,2024-04-15T04:37:51.000Z,364,100,100.0,364
20076942,Ty Pinkins,SD,Stone,28131,Ty,False,Pinkins,DEM,Democratic,100,S,Mississippi,2024-04-15T04:39:00.000Z,160,100,100.0,160
20076942,Ty Pinkins,SD,Sunflower,28133,Ty,False,Pinkins,DEM,Democratic,97,S,Mississippi,2024-04-15T04:38:30.000Z,1144,100,100.0,1144
20076942,Ty Pinkins,SD,Tallahatchie,28135,Ty,False,Pinkins,DEM,Democratic,82,S,Mississippi,2024-04-15T04:36:17.000Z,686,100,100.0,686
20076942,Ty Pinkins,SD,Tate,28137,Ty,False,Pinkins,DEM,Democratic,86,S,Mississippi,2024-04-15T04:37:02.000Z,535,100,100.0,535
20076942,Ty Pinkins,SD,Tippah,28139,Ty,False,Pinkins,DEM,Democratic,90,S,Mississippi,2024-04-15T04:35:00.000Z,258,100,100.0,258
20076942,Ty Pinkins,SD,Tishomingo,28141,Ty,False,Pinkins,DEM,Democratic,92,S,Mississippi,2024-04-15T04:39:39.000Z,96,100,100.0,96
20076942,Ty Pinkins,SD,Tunica,28143,Ty,False,Pinkins,DEM,Democratic,81,S,Mississippi,2024-04-15T04:40:49.000Z,352,100,100.0,352
20076942,Ty Pinkins,SD,Union,28145,Ty,False,Pinkins,DEM,Democratic,92,S,Mississippi,2024-04-15T04:36:30.000Z,259,100,100.0,259
20076942,Ty Pinkins,SD,Walthall,28147,Ty,False,Pinkins,DEM,Democratic,84,S,Mississippi,2024-04-15T04:36:36.000Z,422,100,100.0,422
20076942,Ty Pinkins,SD,Warren,28149,Ty,False,Pinkins,DEM,Democratic,99,S,Mississippi,2024-04-15T04:35:25.000Z,1867,100,100.0,1867
20076942,Ty Pinkins,SD,Washington,28151,Ty,False,Pinkins,DEM,Democratic,92,S,Mississippi,2024-04-15T04:37:32.000Z,1935,100,100.0,1935
20076942,Ty Pinkins,SD,Wayne,28153,Ty,False,Pinkins,DEM,Democratic,94,S,Mississippi,2024-04-15T04:36:00.000Z,615,100,100.0,615
20076942,Ty Pinkins,SD,Webster,28155,Ty,False,Pinkins,DEM,Democratic,92,S,Mississippi,2024-04-15T04:40:04.000Z,165,100,100.0,165
20076942,Ty Pinkins,SD,Wilkinson,28157,Ty,False,Pinkins,DEM,Democratic,96,S,Mississippi,2024-04-15T04:41:24.000Z,546,100,100.0,546
20076942,Ty Pinkins,SD,Winston,28159,Ty,False,Pinkins,DEM,Democratic,87,S,Mississippi,2024-04-15T04:40:32.000Z,840,100,100.0,840
20076942,Ty Pinkins,SD,Yalobusha,28161,Ty,False,Pinkins,DEM,Democratic,90,S,Mississippi,2024-04-15T04:40:37.000Z,462,100,100.0,462
20076942,Ty Pinkins,SD,Yazoo,28163,Ty,False,Pinkins,DEM,Democratic,82,S,Mississippi,2024-04-15T04:35:39.000Z,825,100,100.0,825
